date,open,close,high,low,volume,amount
2022-01-04,3.84,3.9,3.9,3.83,174770.11,
2022-01-05,3.91,3.84,3.92,3.83,159863.65,
2022-01-06,3.82,3.88,3.89,3.82,146341.29,
2022-01-07,3.9,3.89,3.91,3.87,223476.95,
2022-01-10,3.88,3.9,3.9,3.86,122771.42,
2022-01-11,3.89,3.92,3.94,3.88,208723.0,
2022-01-12,3.93,4.01,4.01,3.93,375664.88,
2022-01-13,4.01,4.01,4.05,3.98,419221.85,
2022-01-14,4.0,3.84,4.01,3.83,335666.06,
2022-01-17,3.85,3.82,3.86,3.78,166700.2,
2022-01-18,3.81,3.8,3.84,3.79,149273.99,
2022-01-19,3.81,3.82,3.84,3.78,120660.31,
2022-01-20,3.82,3.8,3.87,3.78,166795.9,
2022-01-21,3.79,3.72,3.81,3.71,150915.88,
2022-01-24,3.71,3.67,3.71,3.64,91203.8,
2022-01-25,3.66,3.51,3.67,3.5,146585.8,
2022-01-26,3.52,3.58,3.59,3.52,85635.66,
2022-01-27,3.56,3.48,3.58,3.46,106678.24,
2022-01-28,3.51,3.56,3.58,3.44,104068.5,
2022-02-07,3.61,3.65,3.66,3.59,103560.45,
2022-02-08,3.64,3.74,3.75,3.62,154882.35,
2022-02-09,3.76,3.8,3.81,3.72,182270.2,
2022-02-10,3.82,3.84,3.87,3.78,235062.04,
2022-02-11,3.82,3.79,3.85,3.77,193703.41,
2022-02-14,3.78,3.77,3.82,3.74,126473.1,
2022-02-15,3.79,3.72,3.79,3.69,110217.52,
2022-02-16,3.74,3.78,3.79,3.72,84767.69,
2022-02-17,3.79,3.78,3.81,3.75,108838.98,
2022-02-18,3.75,3.81,3.81,3.74,136021.48,
2022-02-21,3.79,3.8,3.82,3.77,120309.59,
2022-02-22,3.81,3.78,3.82,3.73,116384.42,
2022-02-23,3.88,3.84,3.92,3.82,230663.2,
2022-02-24,3.85,3.74,3.87,3.7,273739.32,
2022-02-25,3.76,3.82,3.94,3.76,419397.51,
2022-02-28,3.84,3.88,3.9,3.78,242429.8,
2022-03-01,3.88,3.92,4.05,3.85,489480.2,
2022-03-02,3.91,3.99,4.02,3.89,479891.42,
2022-03-03,4.06,4.18,4.18,4.05,998618.23,
2022-03-04,4.13,4.03,4.14,4.01,525184.47,
2022-03-07,4.16,4.08,4.19,4.05,490303.15,
2022-03-08,4.08,4.33,4.47,3.88,1212480.21,
2022-03-09,4.06,4.01,4.06,3.9,1004056.46,
2022-03-10,3.89,3.92,3.97,3.84,517401.17,
2022-03-11,3.85,3.95,3.96,3.7,408508.25,
2022-03-14,3.87,3.74,3.94,3.73,290478.69,
2022-03-15,3.66,3.4,3.69,3.37,421068.96,
2022-03-16,3.45,3.49,3.51,3.31,287325.82,
2022-03-17,3.52,3.54,3.61,3.51,232636.06,
2022-03-18,3.54,3.62,3.63,3.52,175140.12,
2022-03-21,3.62,3.62,3.67,3.57,151022.41,
2022-03-22,3.6,3.65,3.67,3.58,151451.42,
2022-03-23,3.64,3.62,3.64,3.58,135317.06,
2022-03-24,3.71,3.65,3.79,3.63,361634.52,
2022-03-25,3.59,3.62,3.7,3.57,197222.25,
2022-03-28,3.61,3.64,3.67,3.51,170665.78,
2022-03-29,3.65,3.69,3.7,3.62,166377.07,
2022-03-30,3.7,3.66,3.7,3.62,215895.48,
2022-03-31,3.65,3.63,3.66,3.59,165303.8,
2022-04-01,3.6,3.61,3.63,3.57,119706.0,
2022-04-06,3.58,3.7,3.73,3.58,226412.47,
2022-04-07,3.71,3.62,3.71,3.62,133982.52,
2022-04-08,3.6,3.69,3.71,3.55,189052.15,
2022-04-11,3.71,3.61,3.72,3.59,229872.46,
2022-04-12,3.59,3.71,3.73,3.52,225615.96,
2022-04-13,3.7,3.9,3.95,3.65,687631.63,
2022-04-14,3.86,4.03,4.03,3.81,777203.07,
2022-04-15,3.97,3.87,4.01,3.87,485549.06,
2022-04-18,3.85,3.85,3.87,3.77,279010.3,
2022-04-19,3.88,3.93,3.99,3.87,395822.77,
2022-04-20,3.87,3.8,3.94,3.79,259591.23,
2022-04-21,3.82,3.56,3.84,3.54,363967.57,
2022-04-22,3.6,3.55,3.6,3.43,225843.56,
2022-04-25,3.46,3.2,3.46,3.2,353280.0,
2022-04-26,3.21,2.98,3.21,2.96,266398.51,
2022-04-27,2.86,3.06,3.07,2.77,335662.32,
2022-04-28,3.02,2.95,3.04,2.93,213177.0,
2022-04-29,2.99,3.04,3.04,2.98,246615.42,
2022-05-05,3.03,3.04,3.08,2.98,170383.75,
2022-05-06,2.97,2.95,2.99,2.87,141590.01,
2022-05-09,2.95,2.99,3.04,2.93,113765.34,
2022-05-10,2.96,3.06,3.09,2.87,195695.92,
2022-05-11,3.08,3.06,3.13,3.05,163091.6,
2022-05-12,3.03,3.0,3.08,2.97,153764.7,
2022-05-13,3.02,3.05,3.06,2.99,90136.48,
2022-05-16,3.06,3.07,3.09,3.03,116098.42,
2022-05-17,3.08,3.05,3.09,3.02,82715.88,
2022-05-18,3.05,3.07,3.1,3.04,124855.88,
2022-05-19,3.02,3.1,3.12,3.01,145631.25,
2022-05-20,3.13,3.2,3.22,3.1,267727.91,
2022-05-23,3.21,3.28,3.29,3.18,220136.1,
2022-05-24,3.28,3.14,3.28,3.13,186502.16,
2022-05-25,3.14,3.23,3.23,3.13,142952.51,
2022-05-26,3.22,3.22,3.24,3.16,100153.9,
2022-05-27,3.24,3.19,3.24,3.16,89453.5,
2022-05-30,3.2,3.2,3.22,3.16,96595.41,
2022-05-31,3.2,3.22,3.22,3.15,107843.81,
2022-06-01,3.21,3.21,3.23,3.18,78446.99,
2022-06-02,3.19,3.34,3.36,3.17,434823.64,
2022-06-06,3.37,3.34,3.39,3.3,231264.05,
2022-06-07,3.36,3.35,3.4,3.28,327134.04,
2022-06-08,3.38,3.37,3.39,3.29,263822.3,
2022-06-09,3.37,3.31,3.37,3.29,157341.3,
2022-06-10,3.29,3.38,3.4,3.27,182102.12,
2022-06-13,3.42,3.38,3.42,3.34,163957.19,
2022-06-14,3.36,3.39,3.4,3.28,167446.38,
2022-06-15,3.41,3.36,3.42,3.35,167998.0,
2022-06-16,3.38,3.34,3.41,3.33,143923.1,
2022-06-17,3.33,3.38,3.38,3.32,124091.68,
2022-06-20,3.38,3.33,3.39,3.32,154445.4,
2022-06-21,3.33,3.28,3.34,3.23,174201.14,
2022-06-22,3.29,3.31,3.43,3.25,294897.45,
2022-06-23,3.29,3.35,3.36,3.24,233803.25,
2022-06-24,3.39,3.43,3.5,3.37,448285.8,
2022-06-27,3.46,3.4,3.55,3.36,385285.32,
2022-06-28,3.4,3.45,3.46,3.38,279695.41,
2022-06-29,3.45,3.36,3.46,3.36,238008.97,
2022-06-30,3.35,3.33,3.39,3.33,166631.98,
2022-07-01,3.31,3.32,3.35,3.31,121314.4,
2022-07-04,3.32,3.31,3.32,3.3,113031.51,
2022-07-05,3.32,3.35,3.39,3.31,173038.2,
2022-07-06,3.33,3.28,3.34,3.26,179967.1,
2022-07-07,3.42,3.6,3.6,3.38,951536.16,
2022-07-08,3.56,3.58,3.83,3.5,1218907.3,
2022-07-11,3.49,3.53,3.59,3.42,582505.69,
2022-07-12,3.49,3.42,3.51,3.41,341149.93,
2022-07-13,3.41,3.44,3.45,3.37,285069.8,
2022-07-14,3.36,3.3,3.36,3.28,487147.18,
2022-07-15,3.27,3.1,3.27,3.09,364860.0,
2022-07-18,3.12,3.28,3.29,3.12,318570.78,
2022-07-19,3.28,3.31,3.32,3.26,221472.85,
2022-07-20,3.33,3.38,3.39,3.31,245645.5,
2022-07-21,3.39,3.4,3.49,3.36,292420.84,
2022-07-22,3.41,3.41,3.47,3.38,190687.14,
2022-07-25,3.4,3.34,3.44,3.32,180318.02,
2022-07-26,3.34,3.36,3.37,3.3,132367.81,
2022-07-27,3.33,3.35,3.36,3.31,138415.3,
2022-07-28,3.36,3.38,3.4,3.35,156278.31,
2022-07-29,3.39,3.41,3.43,3.39,198381.51,
2022-08-01,3.41,3.45,3.47,3.35,233962.41,
2022-08-02,3.43,3.3,3.43,3.27,209491.01,
2022-08-03,3.27,3.23,3.35,3.22,209066.5,
2022-08-04,3.24,3.27,3.27,3.19,133971.72,
2022-08-05,3.31,3.39,3.52,3.29,387551.58,
2022-08-08,3.33,3.43,3.43,3.32,225197.08,
2022-08-09,3.43,3.4,3.45,3.4,122711.6,
2022-08-10,3.43,3.44,3.5,3.41,233323.92,
2022-08-11,3.47,3.49,3.51,3.43,232631.21,
2022-08-12,3.46,3.49,3.57,3.45,194984.46,
2022-08-15,3.49,3.49,3.52,3.46,133713.66,
2022-08-16,3.5,3.55,3.61,3.46,365196.82,
2022-08-17,3.6,3.59,3.7,3.57,501759.34,
2022-08-18,3.51,3.5,3.56,3.46,277022.74,
2022-08-19,3.5,3.45,3.54,3.45,193023.11,
2022-08-22,3.43,3.5,3.51,3.4,159392.8,
2022-08-23,3.48,3.55,3.56,3.47,234076.3,
2022-08-24,3.55,3.38,3.57,3.37,238705.71,
2022-08-25,3.38,3.45,3.47,3.34,205382.9,
2022-08-26,3.49,3.4,3.49,3.39,146236.99,
2022-08-29,3.32,3.42,3.43,3.3,119027.12,
2022-08-30,3.46,3.41,3.46,3.37,134539.33,
2022-08-31,3.41,3.31,3.42,3.3,167262.0,
2022-09-01,3.31,3.27,3.33,3.27,117546.9,
2022-09-02,3.29,3.27,3.3,3.25,114226.01,
2022-09-05,3.26,3.31,3.31,3.23,120358.2,
2022-09-06,3.31,3.38,3.39,3.3,166492.6,
2022-09-07,3.37,3.52,3.53,3.35,430036.92,
2022-09-08,3.52,3.54,3.57,3.5,330529.4,
2022-09-09,3.56,3.6,3.65,3.53,327393.07,
2022-09-13,3.58,3.64,3.72,3.57,439980.68,
2022-09-14,3.6,3.56,3.65,3.54,249303.81,
2022-09-15,3.61,3.42,3.62,3.38,261737.31,
2022-09-16,3.46,3.26,3.46,3.25,326362.0,
2022-09-19,3.26,3.17,3.27,3.15,252904.1,
2022-09-20,3.2,3.28,3.32,3.19,207350.7,
2022-09-21,3.24,3.32,3.34,3.21,169155.7,
2022-09-22,3.3,3.34,3.39,3.3,173991.8,
2022-09-23,3.33,3.29,3.39,3.25,152154.0,
2022-09-26,3.26,3.13,3.29,3.1,193833.2,
2022-09-27,3.13,3.16,3.18,3.09,179367.26,
2022-09-28,3.15,3.03,3.15,3.02,186951.25,
2022-09-29,3.06,2.98,3.09,2.96,181345.1,
2022-09-30,2.95,3.0,3.05,2.95,113879.84,
2022-10-10,3.01,2.96,3.05,2.94,154845.59,
2022-10-11,2.96,3.01,3.02,2.93,121401.71,
2022-10-12,3.0,3.08,3.08,2.97,130211.7,
2022-10-13,3.07,3.06,3.09,3.04,111788.29,
2022-10-14,3.07,3.1,3.12,3.07,127224.63,
2022-10-17,3.09,3.11,3.12,3.06,104751.86,
2022-10-18,3.12,3.08,3.14,3.07,113996.91,
2022-10-19,3.08,3.06,3.09,3.05,87261.07,
2022-10-20,3.05,3.04,3.07,2.99,101692.72,
2022-10-21,3.06,3.04,3.08,3.02,79115.91,
2022-10-24,3.05,3.0,3.08,2.98,114175.1,
2022-10-25,2.96,2.98,3.0,2.88,156536.8,
2022-10-26,2.98,2.99,3.03,2.96,104835.9,
2022-10-27,3.0,3.0,3.03,2.98,75741.03,
2022-10-28,2.98,2.89,2.98,2.86,142889.71,
2022-10-31,2.85,2.86,2.9,2.84,114859.7,
2022-11-01,2.87,2.93,2.93,2.86,95734.5,
2022-11-02,2.93,2.96,2.97,2.92,80332.88,
2022-11-03,2.94,2.98,2.98,2.92,78769.45,
2022-11-04,2.95,3.04,3.05,2.95,115375.52,
2022-11-07,3.11,3.11,3.14,3.07,225294.29,
2022-11-08,3.11,3.14,3.17,3.1,170894.61,
2022-11-09,3.17,3.16,3.2,3.14,159924.31,
2022-11-10,3.18,3.14,3.18,3.12,96022.42,
2022-11-11,3.19,3.16,3.26,3.16,137092.02,
2022-11-14,3.15,3.14,3.2,3.13,126724.97,
2022-11-15,3.15,3.17,3.18,3.12,103361.7,
2022-11-16,3.16,3.14,3.17,3.14,83740.0,
2022-11-17,3.14,3.12,3.14,3.1,105730.03,
2022-11-18,3.12,3.08,3.14,3.07,119648.0,
2022-11-21,3.07,3.07,3.08,3.04,111107.47,
2022-11-22,3.08,3.08,3.15,3.07,137062.12,
2022-11-23,3.1,3.08,3.12,3.08,84180.9,
2022-11-24,3.09,3.08,3.11,3.07,79765.83,
2022-11-25,3.08,3.1,3.11,3.06,78274.73,
2022-11-28,3.1,3.06,3.1,3.01,125578.0,
2022-11-29,3.08,3.13,3.14,3.06,139995.63,
2022-11-30,3.13,3.11,3.15,3.11,77428.98,
2022-12-01,3.15,3.14,3.17,3.12,83229.6,
2022-12-02,3.14,3.13,3.16,3.11,74474.91,
2022-12-05,3.14,3.22,3.24,3.12,206355.55,
2022-12-06,3.21,3.19,3.22,3.18,104564.65,
2022-12-07,3.19,3.16,3.2,3.15,80989.6,
2022-12-08,3.15,3.13,3.19,3.13,81710.5,
2022-12-09,3.16,3.2,3.22,3.13,134471.62,
2022-12-12,3.2,3.1,3.2,3.09,157486.2,
2022-12-13,3.12,3.13,3.16,3.1,91626.7,
2022-12-14,3.13,3.14,3.18,3.13,74710.2,
2022-12-15,3.16,3.11,3.16,3.1,64612.1,
2022-12-16,3.09,3.08,3.11,3.07,66746.2,
2022-12-19,3.09,3.0,3.1,2.99,98881.3,
2022-12-20,3.01,3.01,3.06,2.99,57058.7,
2022-12-21,3.05,3.0,3.05,2.99,59814.1,
2022-12-22,3.02,2.95,3.03,2.94,89877.05,
2022-12-23,2.93,2.96,2.98,2.93,53193.7,
2022-12-26,2.97,2.98,3.0,2.95,54828.18,
2022-12-27,2.99,3.01,3.02,2.98,56161.01,
2022-12-28,3.01,3.02,3.12,3.0,135955.25,
2022-12-29,3.05,2.99,3.06,2.99,68603.13,
2022-12-30,2.99,3.0,3.01,2.98,69145.5,
2023-01-03,2.99,3.04,3.04,2.98,74228.91,
2023-01-04,3.04,3.03,3.05,3.0,55860.22,
2023-01-05,3.04,3.02,3.04,3.01,55392.0,
2023-01-06,3.03,3.0,3.03,2.99,74545.0,
2023-01-09,3.01,3.06,3.07,3.0,142315.52,
2023-01-10,3.08,3.03,3.1,3.02,98078.5,
2023-01-11,3.05,3.01,3.05,3.01,77127.31,
2023-01-12,3.02,2.98,3.04,2.97,86039.48,
2023-01-13,3.01,2.99,3.01,2.98,64557.9,
2023-01-16,3.01,3.02,3.04,2.98,76507.7,
2023-01-17,3.04,3.0,3.04,2.99,60874.1,
2023-01-18,3.0,3.04,3.05,3.0,110353.58,
2023-01-19,3.05,3.06,3.06,3.02,77250.4,
2023-01-20,3.08,3.13,3.15,3.05,180557.29,
2023-01-30,3.17,3.18,3.23,3.14,275699.43,
2023-01-31,3.2,3.23,3.24,3.17,207118.45,
2023-02-01,3.26,3.39,3.4,3.23,484760.18,
2023-02-02,3.35,3.31,3.36,3.31,243312.63,
2023-02-03,3.3,3.31,3.33,3.24,200415.42,
2023-02-06,3.3,3.33,3.35,3.25,171241.54,
2023-02-07,3.33,3.37,3.38,3.3,182278.73,
2023-02-08,3.39,3.32,3.39,3.31,156194.1,
2023-02-09,3.31,3.34,3.37,3.3,124590.8,
2023-02-10,3.34,3.36,3.38,3.32,170253.1,
2023-02-13,3.36,3.32,3.36,3.31,150483.23,
2023-02-14,3.33,3.36,3.42,3.32,183536.03,
2023-02-15,3.34,3.34,3.38,3.32,120490.4,
2023-02-16,3.34,3.26,3.35,3.22,168189.8,
2023-02-17,3.26,3.29,3.31,3.24,117286.01,
2023-02-20,3.31,3.34,3.35,3.29,103930.02,
2023-02-21,3.34,3.42,3.46,3.32,235110.3,
2023-02-22,3.46,3.39,3.46,3.37,142003.4,
2023-02-23,3.4,3.38,3.43,3.35,190733.07,
2023-02-24,3.37,3.36,3.38,3.32,113210.4,
2023-02-27,3.37,3.32,3.38,3.31,134787.1,
2023-02-28,3.32,3.36,3.36,3.31,118689.59,
2023-03-01,3.37,3.37,3.37,3.32,149242.5,
2023-03-02,3.38,3.34,3.4,3.34,105148.6,
2023-03-03,3.36,3.34,3.36,3.32,83820.64,
2023-03-06,3.34,3.34,3.37,3.31,144117.3,
2023-03-07,3.34,3.28,3.36,3.28,114288.0,
2023-03-08,3.28,3.29,3.3,3.26,78000.0,
2023-03-09,3.29,3.28,3.31,3.25,82992.83,
2023-03-10,3.26,3.23,3.27,3.22,85951.0,
2023-03-13,3.22,3.23,3.27,3.19,93883.54,
2023-03-14,3.25,3.2,3.3,3.19,126815.0,
2023-03-15,3.22,3.31,3.33,3.21,219588.38,
2023-03-16,3.31,3.22,3.33,3.2,158577.9,
2023-03-17,3.24,3.22,3.26,3.2,133205.14,
2023-03-20,3.24,3.28,3.28,3.22,127694.1,
2023-03-21,3.28,3.34,3.34,3.26,124497.45,
2023-03-22,3.35,3.35,3.38,3.32,125581.97,
2023-03-23,3.41,3.37,3.41,3.34,136509.59,
2023-03-24,3.39,3.35,3.39,3.34,98627.77,
2023-03-27,3.37,3.32,3.39,3.31,103904.76,
2023-03-28,3.32,3.29,3.34,3.28,89540.4,
2023-03-29,3.3,3.24,3.31,3.24,77451.37,
2023-03-30,3.22,3.21,3.26,3.18,105944.3,
2023-03-31,3.21,3.29,3.31,3.21,109508.25,
2023-04-03,3.31,3.25,3.31,3.23,121249.17,
2023-04-04,3.26,3.22,3.28,3.2,94952.12,
2023-04-06,3.21,3.19,3.22,3.15,144646.49,
2023-04-07,3.19,3.16,3.2,3.15,104577.44,
2023-04-10,3.17,3.09,3.17,3.08,173630.56,
2023-04-11,3.11,3.39,3.39,3.07,555528.6,
2023-04-12,3.46,3.52,3.71,3.42,1476518.56,
2023-04-13,3.54,3.52,3.6,3.5,925308.24,
2023-04-14,3.55,3.56,3.6,3.52,584771.92,
2023-04-17,3.56,3.58,3.65,3.55,521683.6,
2023-04-18,3.56,3.53,3.59,3.46,392701.81,
2023-04-19,3.54,3.49,3.57,3.47,314525.6,
2023-04-20,3.47,3.47,3.48,3.4,230704.33,
2023-04-21,3.48,3.38,3.49,3.36,216864.12,
2023-04-24,3.35,3.3,3.36,3.27,258929.07,
2023-04-25,3.3,3.22,3.31,3.17,223408.9,
2023-04-26,3.21,3.17,3.25,3.16,246008.5,
2023-04-27,3.18,3.15,3.19,3.13,199373.8,
2023-04-28,3.16,3.22,3.23,3.15,186364.9,
2023-05-04,3.22,3.3,3.31,3.21,240482.22,
2023-05-05,3.31,3.3,3.33,3.25,212899.51,
2023-05-08,3.29,3.38,3.38,3.29,252287.73,
2023-05-09,3.38,3.35,3.43,3.33,248516.66,
2023-05-10,3.31,3.33,3.36,3.31,166149.89,
2023-05-11,3.32,3.37,3.38,3.31,135988.84,
2023-05-12,3.37,3.3,3.37,3.28,176500.79,
2023-05-15,3.28,3.32,3.33,3.25,125405.7,
2023-05-16,3.34,3.28,3.34,3.27,111048.0,
2023-05-17,3.3,3.26,3.3,3.24,107086.46,
2023-05-18,3.28,3.27,3.3,3.26,98855.2,
2023-05-19,3.28,3.25,3.28,3.22,104806.15,
2023-05-22,3.23,3.24,3.27,3.22,103657.89,
2023-05-23,3.24,3.2,3.25,3.2,117766.0,
2023-05-24,3.19,3.19,3.22,3.18,77010.7,
2023-05-25,3.22,3.18,3.22,3.15,143150.29,
2023-05-26,3.17,3.19,3.2,3.14,102142.0,
2023-05-29,3.23,3.17,3.23,3.17,107760.77,
2023-05-30,3.19,3.21,3.21,3.14,126273.2,
2023-05-31,3.2,3.2,3.23,3.18,87469.04,
2023-06-01,3.21,3.26,3.28,3.19,165406.51,
2023-06-02,3.26,3.31,3.31,3.26,169325.68,
2023-06-05,3.31,3.35,3.36,3.29,195370.06,
2023-06-06,3.33,3.32,3.37,3.31,209252.54,
2023-06-07,3.31,3.29,3.36,3.27,155964.4,
2023-06-08,3.31,3.3,3.32,3.27,100102.52,
2023-06-09,3.31,3.3,3.31,3.27,88221.33,
2023-06-12,3.29,3.29,3.3,3.25,93984.1,
2023-06-13,3.27,3.3,3.31,3.26,108908.2,
2023-06-14,3.29,3.31,3.31,3.26,118401.1,
2023-06-15,3.31,3.28,3.31,3.25,148971.41,
2023-06-16,3.28,3.31,3.31,3.27,98227.9,
2023-06-19,3.31,3.23,3.31,3.22,148502.4,
2023-06-20,3.22,3.24,3.26,3.18,165972.66,
2023-06-21,3.21,3.19,3.24,3.18,89677.8,
2023-06-26,3.17,3.13,3.2,3.13,124895.1,
2023-06-27,3.15,3.26,3.27,3.13,124856.02,
2023-06-28,3.25,3.24,3.26,3.19,69455.0,
2023-06-29,3.24,3.23,3.24,3.2,87939.17,
2023-06-30,3.22,3.27,3.28,3.21,120751.06,
2023-07-03,3.27,3.31,3.31,3.27,130266.81,
2023-07-04,3.48,3.48,3.61,3.39,820070.63,
2023-07-05,3.46,3.71,3.74,3.42,1325639.71,
2023-07-06,3.62,3.49,3.62,3.46,874383.8,
2023-07-07,3.49,3.52,3.58,3.4,656824.22,
2023-07-10,3.49,3.65,3.69,3.49,866030.04,
2023-07-11,3.67,3.6,3.69,3.56,550446.29,
2023-07-12,3.58,3.56,3.66,3.54,398526.89,
2023-07-13,3.58,3.53,3.63,3.52,392313.55,
2023-07-14,3.51,3.54,3.6,3.51,287714.3,
2023-07-17,3.49,3.48,3.54,3.44,256730.82,
2023-07-18,3.49,3.52,3.55,3.48,184117.37,
2023-07-19,3.52,3.54,3.56,3.5,170634.68,
2023-07-20,3.54,3.48,3.55,3.47,201466.7,
2023-07-21,3.47,3.47,3.5,3.46,149749.03,
2023-07-24,3.45,3.41,3.46,3.4,156323.21,
2023-07-25,3.44,3.5,3.52,3.43,157157.1,
2023-07-26,3.49,3.5,3.52,3.45,128313.88,
2023-07-27,3.51,3.53,3.62,3.48,241061.71,
2023-07-28,3.52,3.58,3.59,3.44,255140.2,
2023-07-31,3.6,3.62,3.65,3.59,254576.6,
2023-08-01,3.6,3.7,3.72,3.6,413302.57,
2023-08-02,3.77,3.74,3.84,3.69,570981.38,
2023-08-03,3.68,3.63,3.74,3.59,352987.42,
2023-08-04,3.63,3.58,3.65,3.56,236513.5,
2023-08-07,3.59,3.61,3.65,3.57,196123.66,
2023-08-08,3.6,3.58,3.6,3.53,182326.65,
2023-08-09,3.57,3.51,3.58,3.49,141249.15,
2023-08-10,3.5,3.49,3.52,3.47,122579.5,
2023-08-11,3.49,3.39,3.5,3.39,180970.0,
2023-08-14,3.38,3.39,3.4,3.34,144955.96,
2023-08-15,3.4,3.35,3.41,3.32,138198.62,
2023-08-16,3.36,3.31,3.37,3.31,138709.25,
2023-08-17,3.33,3.38,3.38,3.29,169801.55,
2023-08-18,3.37,3.31,3.39,3.31,191907.62,
2023-08-21,3.31,3.29,3.34,3.29,117594.79,
2023-08-22,3.31,3.34,3.35,3.29,175379.99,
2023-08-23,3.34,3.28,3.34,3.27,167926.61,
2023-08-24,3.3,3.34,3.37,3.29,193052.94,
2023-08-25,3.34,3.29,3.38,3.27,181081.6,
2023-08-28,3.44,3.34,3.46,3.32,248105.95,
2023-08-29,3.34,3.36,3.36,3.31,230653.96,
2023-08-30,3.37,3.31,3.4,3.29,237873.68,
2023-08-31,3.29,3.21,3.31,3.2,226809.71,
2023-09-01,3.21,3.31,3.32,3.21,292760.1,
2023-09-04,3.31,3.44,3.46,3.31,457575.97,
2023-09-05,3.44,3.43,3.44,3.37,218691.85,
2023-09-06,3.41,3.36,3.41,3.33,180262.8,
2023-09-07,3.34,3.27,3.36,3.26,195829.61,
2023-09-08,3.26,3.28,3.31,3.24,139772.9,
2023-09-11,3.28,3.33,3.36,3.25,175828.01,
2023-09-12,3.34,3.34,3.37,3.31,132141.7,
2023-09-13,3.34,3.31,3.35,3.29,146211.3,
2023-09-14,3.32,3.34,3.35,3.29,178828.88,
2023-09-15,3.36,3.38,3.41,3.34,220140.04,
2023-09-18,3.36,3.37,3.38,3.32,146682.55,
2023-09-19,3.36,3.35,3.38,3.33,127244.92,
2023-09-20,3.34,3.3,3.35,3.29,132868.1,
2023-09-21,3.31,3.27,3.31,3.25,112316.7,
2023-09-22,3.26,3.28,3.29,3.24,175532.33,
2023-09-25,3.27,3.16,3.27,3.16,272119.0,
2023-09-26,3.17,3.12,3.18,3.12,154069.8,
2023-09-27,3.11,3.12,3.15,3.11,141568.58,
2023-09-28,3.13,3.16,3.17,3.12,118778.13,
2023-10-09,3.15,3.16,3.17,3.12,142001.47,
2023-10-10,3.16,3.16,3.17,3.14,108735.58,
2023-10-11,3.17,3.12,3.17,3.12,113693.11,
2023-10-12,3.12,3.19,3.2,3.12,118206.69,
2023-10-13,3.18,3.13,3.18,3.12,108883.0,
2023-10-16,3.14,3.14,3.15,3.12,85175.12,
2023-10-17,3.14,3.13,3.15,3.12,82012.03,
2023-10-18,3.13,3.05,3.13,3.05,140571.52,
2023-10-19,3.05,3.06,3.1,3.03,100863.52,
2023-10-20,3.06,3.03,3.08,3.03,88246.78,
2023-10-23,3.02,2.95,3.03,2.93,127337.5,
2023-10-24,2.96,3.02,3.03,2.96,122877.81,
2023-10-25,3.04,3.09,3.1,3.03,100666.81,
2023-10-26,3.11,3.14,3.14,3.07,138483.59,
2023-10-27,3.13,3.17,3.18,3.11,161106.71,
2023-10-30,3.17,3.19,3.22,3.16,146504.81,
2023-10-31,3.19,3.2,3.22,3.18,122794.59,
2023-11-01,3.22,3.23,3.24,3.2,150291.6,
2023-11-02,3.24,3.22,3.26,3.2,146238.82,
2023-11-03,3.21,3.2,3.23,3.19,108249.1,
2023-11-06,3.21,3.22,3.23,3.18,111945.21,
2023-11-07,3.22,3.22,3.23,3.19,93282.4,
2023-11-08,3.2,3.18,3.23,3.17,113479.4,
2023-11-09,3.18,3.17,3.2,3.16,88399.0,
2023-11-10,3.18,3.17,3.19,3.15,78538.3,
2023-11-13,3.19,3.24,3.25,3.17,162370.45,
2023-11-14,3.24,3.21,3.25,3.19,124736.9,
2023-11-15,3.23,3.28,3.29,3.22,209954.55,
2023-11-16,3.27,3.25,3.27,3.24,123026.43,
2023-11-17,3.25,3.28,3.29,3.24,106027.23,
2023-11-20,3.27,3.28,3.3,3.24,103235.49,
2023-11-21,3.27,3.29,3.3,3.27,100887.49,
2023-11-22,3.27,3.25,3.29,3.23,95446.52,
2023-11-23,3.25,3.28,3.28,3.23,101579.9,
2023-11-24,3.27,3.24,3.28,3.23,87984.65,
2023-11-27,3.24,3.25,3.27,3.22,78929.31,
2023-11-28,3.25,3.27,3.29,3.22,94761.93,
2023-11-29,3.28,3.26,3.31,3.25,88371.01,
2023-11-30,3.25,3.23,3.26,3.2,94195.18,
2023-12-01,3.24,3.26,3.28,3.21,89707.39,
2023-12-04,3.27,3.29,3.31,3.27,116906.63,
2023-12-05,3.29,3.23,3.29,3.22,91575.79,
2023-12-06,3.22,3.26,3.28,3.21,96724.02,
2023-12-07,3.26,3.23,3.26,3.22,103789.1,
2023-12-08,3.25,3.18,3.28,3.18,111797.99,
2023-12-11,3.16,3.2,3.21,3.12,120671.53,
2023-12-12,3.19,3.2,3.2,3.14,120329.6,
2023-12-13,3.18,3.16,3.2,3.14,101230.0,
2023-12-14,3.17,3.19,3.21,3.17,97780.39,
2023-12-15,3.19,3.2,3.24,3.19,104582.8,
2023-12-18,3.19,3.15,3.21,3.14,107225.3,
2023-12-19,3.15,3.14,3.16,3.11,91824.17,
2023-12-20,3.13,3.12,3.17,3.11,89457.95,
2023-12-21,3.1,3.15,3.15,3.04,108804.9,
2023-12-22,3.14,3.13,3.17,3.1,105262.3,
2023-12-25,3.13,3.13,3.14,3.08,99080.36,
2023-12-26,3.12,3.07,3.15,3.07,105786.68,
2023-12-27,3.08,3.11,3.13,3.05,113688.25,
2023-12-28,3.11,3.19,3.19,3.1,119535.12,
2023-12-29,3.17,3.22,3.23,3.17,117150.7,
2024-01-02,3.22,3.26,3.27,3.21,144363.02,
2024-01-03,3.26,3.25,3.27,3.23,112290.24,
2024-01-04,3.25,3.25,3.27,3.23,118508.35,
2024-01-05,3.25,3.22,3.28,3.2,115835.4,
2024-01-08,3.22,3.15,3.22,3.14,108918.95,
2024-01-09,3.16,3.19,3.21,3.13,95829.0,
2024-01-10,3.18,3.16,3.21,3.13,91777.4,
2024-01-11,3.17,3.19,3.2,3.14,93319.18,
2024-01-12,3.19,3.19,3.24,3.18,99622.6,
2024-01-15,3.18,3.18,3.2,3.17,88314.73,
2024-01-16,3.18,3.16,3.2,3.12,127027.5,
2024-01-17,3.15,3.08,3.16,3.07,84396.92,
2024-01-18,3.07,2.96,3.08,2.89,272633.5,
2024-01-19,2.96,2.94,2.99,2.92,134404.2,
2024-01-22,2.93,2.79,2.94,2.77,189945.28,
2024-01-23,2.78,2.8,2.82,2.72,137700.12,
2024-01-24,2.79,2.87,2.88,2.75,152769.29,
2024-01-25,2.86,2.95,2.95,2.85,153912.84,
2024-01-26,2.95,3.0,3.03,2.94,145700.3,
2024-01-29,3.01,2.94,3.02,2.92,128129.93,
2024-01-30,2.92,2.85,2.94,2.85,102685.2,
2024-01-31,2.85,2.78,2.89,2.77,151358.6,
2024-02-01,2.75,2.68,2.77,2.65,202037.76,
2024-02-02,2.67,2.59,2.73,2.5,200865.91,
2024-02-05,2.56,2.37,2.56,2.34,275450.6,
2024-02-06,2.34,2.43,2.5,2.24,262537.18,
2024-02-07,2.44,2.41,2.47,2.37,261175.5,
2024-02-08,2.41,2.61,2.62,2.39,280081.97,
2024-02-19,2.63,2.66,2.7,2.62,203669.08,
2024-02-20,2.66,2.66,2.67,2.6,118436.34,
2024-02-21,2.64,2.69,2.74,2.61,170188.96,
2024-02-22,2.68,2.71,2.72,2.65,117229.83,
2024-02-23,2.71,2.74,2.74,2.69,135289.3,
2024-02-26,2.75,2.74,2.79,2.73,135571.07,
2024-02-27,2.73,2.82,2.82,2.71,138652.95,
2024-02-28,2.82,2.69,2.87,2.69,236611.6,
2024-02-29,2.63,2.75,2.75,2.62,156076.0,
2024-03-01,2.75,2.77,2.78,2.72,144305.75,
2024-03-04,2.78,2.8,2.81,2.74,133215.9,
2024-03-05,2.79,2.74,2.8,2.73,105302.51,
2024-03-06,2.73,2.76,2.78,2.72,95748.75,
2024-03-07,2.77,2.81,2.91,2.76,305515.08,
2024-03-08,2.82,2.85,2.87,2.79,188104.31,
2024-03-11,2.85,2.86,2.87,2.82,140473.2,
2024-03-12,2.85,2.84,2.86,2.8,134877.21,
2024-03-13,2.83,2.84,2.84,2.81,108013.53,
2024-03-14,2.86,2.85,2.94,2.83,242003.63,
2024-03-15,2.84,2.97,2.99,2.81,392799.08,
2024-03-18,2.99,2.99,3.03,2.95,302086.2,
2024-03-19,2.98,3.03,3.11,2.96,323267.5,
2024-03-20,3.02,3.03,3.05,2.97,214556.35,
2024-03-21,3.06,3.07,3.09,3.01,203159.44,
2024-03-22,3.06,3.0,3.07,2.96,189107.4,
2024-03-25,2.98,2.99,3.06,2.97,175402.89,
2024-03-26,2.99,2.98,3.01,2.93,160397.8,
2024-03-27,2.97,2.91,3.0,2.91,128496.8,
2024-03-28,2.9,2.95,2.98,2.9,147489.4,
2024-03-29,2.95,3.04,3.05,2.95,198582.84,
2024-04-01,3.06,3.17,3.31,3.06,459230.84,
2024-04-02,3.15,3.22,3.26,3.15,332304.89,
2024-04-03,3.23,3.31,3.33,3.21,625481.46,
2024-04-08,3.34,3.65,3.65,3.32,1700194.36,
2024-04-09,3.5,3.58,3.65,3.37,1433885.33,
2024-04-10,3.62,3.58,3.75,3.46,1312981.36,
2024-04-11,3.46,3.59,3.76,3.38,1210703.02,
2024-04-12,3.57,3.57,3.61,3.46,887322.7,
2024-04-15,3.46,3.5,3.56,3.36,863741.84,
2024-04-16,3.41,3.16,3.45,3.16,733547.99,
2024-04-17,3.13,3.27,3.29,3.11,432231.74,
2024-04-18,3.29,3.29,3.32,3.21,443072.6,
2024-04-19,3.28,3.29,3.43,3.26,598648.18,
2024-04-22,3.32,3.21,3.38,3.19,493208.51,
2024-04-23,3.13,2.99,3.15,2.98,536056.62,
2024-04-24,3.0,3.07,3.07,3.0,295226.08,
2024-04-25,3.03,3.08,3.14,3.01,251051.8,
2024-04-26,3.05,3.12,3.13,3.03,363767.51,
2024-04-29,3.11,3.1,3.12,3.04,352090.28,
2024-04-30,3.14,3.08,3.21,3.07,434825.15,
2024-05-06,3.07,3.13,3.13,3.02,358876.26,
2024-05-07,3.13,3.12,3.18,3.1,333485.66,
2024-05-08,3.1,3.05,3.11,3.05,249702.6,
2024-05-09,3.04,3.14,3.16,3.03,342226.65,
2024-05-10,3.32,3.3,3.45,3.23,1093473.33,
2024-05-13,3.24,3.13,3.26,3.09,594941.75,
2024-05-14,3.14,3.27,3.36,3.14,713190.44,
2024-05-15,3.24,3.17,3.3,3.14,445422.21,
2024-05-16,3.19,3.09,3.26,3.08,484899.55,
2024-05-17,3.08,3.12,3.13,3.04,409187.05,
2024-05-20,3.21,3.3,3.31,3.18,868315.39,
2024-05-21,3.34,3.19,3.39,3.16,593512.3,
2024-05-22,3.2,3.14,3.24,3.11,402952.44,
2024-05-23,3.07,2.99,3.09,2.99,478475.0,
2024-05-24,2.98,3.0,3.03,2.97,181847.22,
2024-05-27,2.99,3.02,3.02,2.97,177541.36,
2024-05-28,3.02,3.08,3.14,3.01,392975.44,
2024-05-29,3.04,3.21,3.27,3.01,699062.67,
2024-05-30,3.22,3.02,3.22,3.01,548849.92,
2024-05-31,3.02,3.02,3.04,3.0,203958.81,
2024-06-03,3.01,2.88,3.01,2.84,381238.31,
2024-06-04,2.85,2.88,2.9,2.81,176031.21,
2024-06-05,2.83,2.71,2.84,2.71,265795.18,
2024-06-06,2.71,2.65,2.76,2.62,238687.65,
2024-06-07,2.67,2.69,2.71,2.65,133799.06,
2024-06-11,2.63,2.63,2.65,2.59,140274.02,
2024-06-12,2.63,2.65,2.67,2.61,101376.12,
2024-06-13,2.66,2.61,2.67,2.59,104500.6,
2024-06-14,2.6,2.63,2.64,2.59,75593.61,
2024-06-17,2.61,2.6,2.64,2.59,79679.35,
2024-06-18,2.6,2.65,2.66,2.6,97516.51,
2024-06-19,2.66,2.69,2.71,2.64,121735.5,
2024-06-20,2.7,2.62,2.72,2.61,123314.8,
2024-06-21,2.62,2.62,2.66,2.61,79490.57,
2024-06-24,2.57,2.5,2.59,2.49,124417.42,
2024-06-25,2.5,2.55,2.58,2.49,114190.22,
2024-06-26,2.55,2.62,2.62,2.5,111952.89,
2024-06-27,2.6,2.55,2.61,2.54,82807.71,
2024-06-28,2.54,2.59,2.61,2.53,96688.8,
2024-07-01,2.6,2.64,2.65,2.6,120348.09,
2024-07-02,2.65,2.66,2.67,2.63,106279.83,
2024-07-03,2.67,2.64,2.68,2.63,65315.61,
2024-07-04,2.65,2.56,2.68,2.55,97693.0,
2024-07-05,2.54,2.62,2.64,2.54,93577.8,
2024-07-08,2.62,2.62,2.71,2.56,194229.74,
2024-07-09,2.58,2.61,2.62,2.52,177426.55,
2024-07-10,2.59,2.53,2.61,2.53,120451.89,
2024-07-11,2.56,2.67,2.68,2.56,248221.42,
2024-07-12,2.67,2.64,2.7,2.62,117039.96,
2024-07-15,2.63,2.66,2.71,2.61,203534.0,
2024-07-16,2.63,2.65,2.67,2.61,123227.11,
2024-07-17,2.66,2.59,2.66,2.58,101995.2,
2024-07-18,2.57,2.56,2.58,2.52,95196.55,
2024-07-19,2.54,2.53,2.55,2.5,86453.0,
2024-07-22,2.51,2.52,2.53,2.49,96071.1,
2024-07-23,2.5,2.45,2.53,2.44,118590.9,
2024-07-24,2.45,2.42,2.46,2.4,100816.6,
2024-07-25,2.4,2.4,2.42,2.37,97263.9,
2024-07-26,2.41,2.45,2.46,2.4,93412.27,
2024-07-29,2.45,2.47,2.48,2.44,68009.4,
2024-07-30,2.48,2.49,2.5,2.45,65601.7,
2024-07-31,2.5,2.58,2.58,2.49,129760.01,
2024-08-01,2.59,2.57,2.61,2.54,88433.95,
2024-08-02,2.55,2.55,2.58,2.51,88604.51,
2024-08-05,2.54,2.5,2.57,2.5,83735.0,
2024-08-06,2.52,2.54,2.55,2.5,66357.32,
2024-08-07,2.53,2.55,2.57,2.52,58938.9,
2024-08-08,2.55,2.55,2.56,2.51,59288.5,
2024-08-09,2.56,2.54,2.59,2.54,87976.5,
2024-08-12,2.54,2.53,2.56,2.51,51704.1,
2024-08-13,2.53,2.54,2.54,2.51,56082.8,
2024-08-14,2.54,2.5,2.54,2.5,41733.0,
2024-08-15,2.5,2.53,2.54,2.47,58493.1,
2024-08-16,2.56,2.52,2.58,2.51,59658.0,
2024-08-19,2.51,2.54,2.56,2.51,65291.1,
2024-08-20,2.53,2.49,2.54,2.48,54787.9,
2024-08-21,2.49,2.49,2.51,2.47,47504.59,
2024-08-22,2.49,2.43,2.5,2.42,64330.02,
2024-08-23,2.43,2.42,2.44,2.39,54930.75,
2024-08-26,2.43,2.52,2.52,2.42,134070.36,
2024-08-27,2.52,2.44,2.52,2.43,101691.85,
2024-08-28,2.43,2.46,2.5,2.42,68907.35,
2024-08-29,2.46,2.48,2.49,2.44,55611.74,
2024-08-30,2.48,2.51,2.54,2.47,104976.4,
2024-09-02,2.5,2.49,2.52,2.48,77595.59,
2024-09-03,2.49,2.49,2.51,2.47,60668.3,
2024-09-04,2.48,2.46,2.49,2.45,54584.6,
2024-09-05,2.46,2.47,2.49,2.45,52126.4,
2024-09-06,2.47,2.46,2.49,2.45,61010.67,
2024-09-09,2.44,2.44,2.45,2.39,48084.51,
2024-09-10,2.45,2.45,2.48,2.41,54064.3,
2024-09-11,2.43,2.43,2.45,2.41,37879.0,
2024-09-12,2.43,2.43,2.46,2.42,42270.5,
2024-09-13,2.45,2.45,2.47,2.43,52337.0,
2024-09-18,2.45,2.45,2.46,2.4,55994.8,
2024-09-19,2.45,2.53,2.54,2.41,194269.99,
2024-09-20,2.52,2.55,2.56,2.5,126758.43,
2024-09-23,2.55,2.54,2.57,2.53,68592.5,
2024-09-24,2.54,2.61,2.61,2.54,159094.41,
2024-09-25,2.65,2.64,2.73,2.63,247918.99,
2024-09-26,2.63,2.71,2.71,2.62,163072.98,
2024-09-27,2.76,2.81,2.84,2.74,302898.9,
2024-09-30,2.93,3.07,3.07,2.86,533050.75,
2024-10-08,3.34,3.19,3.37,3.05,773966.12,
2024-10-09,3.12,2.89,3.12,2.88,476167.71,
2024-10-10,2.91,2.96,3.06,2.84,342243.69,
2024-10-11,2.97,2.88,2.98,2.85,196267.73,
2024-10-14,2.92,2.95,2.97,2.89,192390.34,
2024-10-15,2.94,2.88,2.96,2.87,199209.74,
2024-10-16,2.85,2.89,2.92,2.84,138145.2,
2024-10-17,2.91,2.84,2.94,2.83,133244.57,
2024-10-18,2.83,2.89,2.92,2.82,183199.18,
2024-10-21,2.9,2.91,2.95,2.89,182954.18,
2024-10-22,2.89,2.95,2.95,2.88,193200.1,
2024-10-23,2.95,2.95,2.97,2.93,179201.64,
2024-10-24,2.93,3.01,3.02,2.92,246158.75,
2024-10-25,2.99,3.0,3.03,2.97,304896.26,
2024-10-28,2.96,3.06,3.06,2.95,379477.75,
2024-10-29,3.06,2.97,3.1,2.96,324851.12,
2024-10-30,2.97,2.98,2.99,2.94,183380.47,
2024-10-31,2.99,3.01,3.03,2.96,289312.91,
2024-11-01,3.0,3.18,3.21,2.99,1000739.75,
2024-11-04,3.19,3.12,3.2,3.05,504754.53,
2024-11-05,3.09,3.19,3.21,3.07,636068.95,
2024-11-06,3.18,3.19,3.22,3.15,553713.06,
2024-11-07,3.15,3.26,3.28,3.11,560529.96,
2024-11-08,3.29,3.17,3.33,3.15,514121.93,
2024-11-11,3.14,3.17,3.18,3.12,280080.53,
2024-11-12,3.18,3.11,3.2,3.08,313906.26,
2024-11-13,3.11,3.11,3.17,3.06,231237.2,
2024-11-14,3.09,3.07,3.3,3.07,458839.32,
2024-11-15,3.04,2.98,3.09,2.97,304291.41,
2024-11-18,2.99,2.95,3.03,2.93,251155.1,
2024-11-19,2.96,2.99,2.99,2.91,192433.01,
2024-11-20,2.98,3.05,3.08,2.98,218913.2,
2024-11-21,3.05,3.06,3.09,3.01,158662.75,
2024-11-22,3.06,2.97,3.07,2.96,170624.21,
2024-11-25,2.96,3.02,3.05,2.96,161558.2,
2024-11-26,3.0,3.0,3.04,2.99,126155.14,
2024-11-27,2.99,3.0,3.0,2.9,199591.34,
2024-11-28,3.05,3.1,3.15,3.02,446894.28,
2024-11-29,3.06,3.06,3.1,3.03,306325.49,
2024-12-02,3.07,3.15,3.17,3.06,337602.38,
2024-12-03,3.14,3.13,3.16,3.09,209135.43,
2024-12-04,3.22,3.15,3.26,3.13,572291.95,
2024-12-05,3.11,3.21,3.24,3.1,368134.48,
2024-12-06,3.2,3.3,3.31,3.18,555709.37,
2024-12-09,3.28,3.3,3.37,3.27,430221.71,
2024-12-10,3.37,3.25,3.37,3.24,465709.71,
2024-12-11,3.21,3.34,3.36,3.2,423765.22,
2024-12-12,3.33,3.35,3.37,3.3,314613.68,
2024-12-13,3.33,3.22,3.34,3.21,328353.61,
2024-12-16,3.22,3.21,3.25,3.18,232911.1,
2024-12-17,3.19,3.09,3.22,3.07,304606.01,
2024-12-18,3.1,3.06,3.12,3.04,214898.87,
2024-12-19,3.03,3.05,3.06,3.0,189870.44,
2024-12-20,3.05,3.02,3.07,3.0,197819.33,
2024-12-23,3.03,2.91,3.04,2.91,282865.44,
2024-12-24,2.93,2.96,2.96,2.9,197793.52,
2024-12-25,2.95,2.91,2.95,2.86,164530.07,
2024-12-26,2.9,2.9,2.93,2.89,133437.21,
2024-12-27,2.9,2.94,2.95,2.88,199088.19,
2024-12-30,2.92,2.89,2.93,2.86,148199.77,
2024-12-31,2.89,2.81,2.9,2.8,193657.82,
2025-01-02,2.82,2.76,2.86,2.73,181986.3,
2025-01-03,2.76,2.71,2.82,2.69,196688.8,
2025-01-06,2.72,2.76,2.78,2.64,168476.62,
2025-01-07,2.74,2.81,2.82,2.73,132186.93,
2025-01-08,2.82,2.76,2.82,2.71,144647.21,
2025-01-09,2.74,2.77,2.79,2.73,99285.21,
2025-01-10,2.77,2.71,2.81,2.71,104086.81,
2025-01-13,2.69,2.78,2.78,2.66,140191.27,
2025-01-14,2.77,2.84,2.84,2.76,186917.72,
2025-01-15,2.83,2.8,2.85,2.78,106525.04,
2025-01-16,2.82,2.85,2.87,2.8,159225.86,
2025-01-17,2.85,2.85,2.87,2.81,131311.77,
2025-01-20,2.87,2.84,2.88,2.79,118808.67,
2025-01-21,2.84,2.8,2.85,2.79,104776.41,
2025-01-22,2.79,2.78,2.8,2.76,88565.69,
2025-01-23,2.8,2.78,2.84,2.77,115222.3,
2025-01-24,2.76,2.79,2.8,2.75,103281.64,
2025-01-27,2.79,2.81,2.85,2.78,132043.34,
2025-02-05,2.83,2.82,2.84,2.8,99842.38,
2025-02-06,2.83,2.84,2.85,2.79,142814.48,
2025-02-07,2.85,2.87,2.89,2.83,152481.12,
2025-02-10,2.88,2.9,2.91,2.87,113716.95,
2025-02-11,2.89,2.88,2.91,2.86,118311.29,
2025-02-12,2.87,2.86,2.89,2.82,140313.4,
2025-02-13,2.86,2.84,2.89,2.83,130830.41,
2025-02-14,2.85,2.84,2.9,2.83,135277.49,
2025-02-17,2.83,2.84,2.85,2.78,167474.21,
2025-02-18,2.84,2.78,2.84,2.78,127834.98,
2025-02-19,2.78,2.8,2.81,2.77,106584.16,
2025-02-20,2.79,2.82,2.84,2.79,106159.56,
2025-02-21,2.82,2.81,2.84,2.79,126841.91,
2025-02-24,2.8,2.84,2.85,2.79,150837.56,
2025-02-25,2.83,2.81,2.84,2.8,114755.52,
2025-02-26,2.8,2.85,2.86,2.79,156722.86,
2025-02-27,2.86,2.83,2.88,2.8,132920.0,
2025-02-28,2.82,2.81,2.93,2.8,286372.56,
2025-03-03,2.8,2.82,2.88,2.8,246617.64,
2025-03-04,2.82,2.85,2.86,2.8,147395.2,
2025-03-05,2.84,2.84,2.85,2.78,167187.79,
2025-03-06,2.85,2.91,2.91,2.84,255588.51,
2025-03-07,2.89,2.99,3.05,2.89,636726.59,
2025-03-10,3.06,3.07,3.17,3.03,605574.28,
2025-03-11,3.05,3.1,3.1,2.98,428022.04,
2025-03-12,3.09,3.03,3.1,3.01,299439.11,
2025-03-13,3.02,3.02,3.05,2.97,234468.48,
2025-03-14,3.1,3.07,3.14,3.03,390289.12,
2025-03-17,3.05,3.05,3.07,3.03,275703.23,
2025-03-18,3.06,3.06,3.1,3.03,262978.78,
2025-03-19,3.05,3.04,3.06,3.02,163202.7,
2025-03-20,3.04,3.04,3.07,3.03,188254.08,
2025-03-21,3.03,3.02,3.08,3.0,212632.0,
2025-03-24,3.02,3.02,3.09,2.98,261744.36,
2025-03-25,3.04,3.08,3.14,3.03,382725.61,
2025-03-26,3.08,3.1,3.16,3.07,426309.4,
2025-03-27,3.07,3.02,3.11,3.02,258369.9,
2025-03-28,3.03,2.97,3.04,2.94,239837.0,
2025-03-31,2.94,2.91,2.97,2.87,186598.5,
2025-04-01,2.92,2.94,2.97,2.92,119127.9,
2025-04-02,2.94,2.93,2.95,2.91,100243.0,
2025-04-03,2.91,2.94,2.95,2.89,121973.98,
2025-04-07,2.83,2.65,2.83,2.65,244071.0,
2025-04-08,2.65,2.61,2.66,2.56,286236.45,
2025-04-09,2.58,2.65,2.65,2.45,234576.97,
2025-04-10,2.68,2.69,2.72,2.66,215054.87,
2025-04-11,2.66,2.69,2.73,2.62,184753.29,
2025-04-14,2.72,2.77,2.79,2.71,161405.81,
2025-04-15,2.77,2.73,2.78,2.72,98424.8,
2025-04-16,2.74,2.7,2.75,2.66,128917.0,
2025-04-17,2.7,2.72,2.74,2.68,104607.1,
2025-04-18,2.7,2.72,2.73,2.7,60785.8,
2025-04-21,2.73,2.77,2.79,2.71,137609.9,
2025-04-22,2.77,2.81,2.81,2.76,143265.3,
2025-04-23,2.8,2.78,2.82,2.76,114606.09,
2025-04-24,2.77,2.77,2.8,2.76,98742.9,
2025-04-25,2.85,2.91,2.98,2.85,519342.11,
2025-04-28,2.9,2.88,2.94,2.87,236092.36,
2025-04-29,2.87,2.91,2.94,2.86,170259.88,
2025-04-30,2.9,2.87,2.93,2.86,143042.11,
2025-05-06,2.88,2.92,2.92,2.88,166835.09,
2025-05-07,2.93,2.95,2.95,2.92,207187.85,
2025-05-08,2.94,2.94,2.95,2.91,119554.62,
2025-05-09,2.93,2.93,2.94,2.91,104177.79,
2025-05-12,2.94,2.94,2.94,2.91,126656.1,
2025-05-13,2.95,2.94,2.96,2.92,122421.95,
2025-05-14,2.94,2.96,2.96,2.92,131731.11,
2025-05-15,2.96,2.94,2.97,2.93,123414.01,
2025-05-16,2.93,2.95,2.99,2.93,181473.8,
2025-05-19,2.96,3.01,3.04,2.94,244572.67,
2025-05-20,3.03,3.02,3.04,2.99,192659.73,
2025-05-21,3.01,3.03,3.03,2.99,139160.68,
2025-05-22,3.02,2.98,3.04,2.97,134107.29,
2025-05-23,2.98,2.94,3.0,2.93,128137.71,
2025-05-26,2.95,2.97,2.99,2.93,125130.17,
2025-05-27,2.96,2.98,2.98,2.93,110093.4,
2025-05-28,2.97,2.95,2.99,2.93,97131.8,
2025-05-29,2.95,2.98,3.0,2.94,112529.2,
2025-05-30,2.98,2.94,2.99,2.93,97355.91,
2025-06-03,2.94,2.95,2.96,2.92,99208.7,
2025-06-04,2.96,3.02,3.03,2.95,230843.5,
2025-06-05,3.02,2.99,3.04,2.98,151165.0,
2025-06-06,3.01,3.07,3.08,3.0,298763.01,
2025-06-09,3.06,3.07,3.07,3.02,230236.48,
2025-06-10,3.06,3.05,3.08,3.03,203340.01,
2025-06-11,3.06,3.11,3.12,3.04,343314.48,
2025-06-12,3.1,3.09,3.11,3.07,198793.88,
2025-06-13,3.1,3.09,3.13,3.07,240107.62,
2025-06-16,3.07,3.06,3.1,3.04,188990.53,
2025-06-17,3.07,3.07,3.1,3.05,166929.62,
2025-06-18,3.07,3.03,3.08,3.01,144256.31,
2025-06-19,3.02,2.98,3.06,2.96,183084.31,
2025-06-20,2.98,2.93,3.0,2.92,171271.01,
2025-06-23,2.93,2.97,2.99,2.92,182761.15,
2025-06-24,2.97,3.02,3.03,2.96,153871.61,
2025-06-25,3.02,3.04,3.05,3.0,201141.13,
2025-06-26,3.03,3.05,3.07,3.02,162380.59,
2025-06-27,3.05,3.14,3.16,3.05,414658.58,
2025-06-30,3.16,3.14,3.17,3.11,288902.28,
2025-07-01,3.14,3.17,3.17,3.11,259225.99,
2025-07-02,3.15,3.21,3.23,3.15,311922.18,
2025-07-03,3.2,3.23,3.25,3.18,277712.8,
2025-07-04,3.2,3.17,3.23,3.15,229214.8,
2025-07-07,3.17,3.17,3.18,3.15,158107.87,
2025-07-08,3.17,3.21,3.21,3.16,177679.12,
2025-07-09,3.22,3.18,3.24,3.17,198795.06,
2025-07-10,3.2,3.22,3.22,3.17,179602.36,
2025-07-11,3.22,3.34,3.35,3.22,694452.93,
2025-07-14,3.35,3.32,3.38,3.3,556528.22,
2025-07-15,3.3,3.28,3.37,3.26,425112.11,
2025-07-16,3.28,3.24,3.29,3.21,271591.72,
2025-07-17,3.24,3.21,3.25,3.2,215554.9,
2025-07-18,3.23,3.53,3.53,3.22,1143758.05,
2025-07-21,3.53,3.51,3.58,3.47,1991180.98,
2025-07-22,3.48,3.52,3.55,3.44,1121222.27,
2025-07-23,3.53,3.52,3.6,3.47,971335.71,
2025-07-24,3.49,3.6,3.62,3.47,1316171.63,
2025-07-25,3.59,3.52,3.61,3.5,846896.37,
2025-07-28,3.5,3.46,3.52,3.43,542279.71,
2025-07-29,3.44,3.43,3.5,3.38,457060.84,
2025-07-30,3.45,3.41,3.48,3.38,396763.38,
2025-07-31,3.38,3.3,3.38,3.27,532763.52,
2025-08-01,3.3,3.32,3.35,3.29,226031.38,
2025-08-04,3.32,3.33,3.34,3.28,224150.71,
2025-08-05,3.34,3.37,3.39,3.33,284251.55,
2025-08-06,3.36,3.39,3.44,3.35,363868.9,
2025-08-07,3.41,3.4,3.42,3.33,329211.82,
2025-08-08,3.39,3.43,3.44,3.37,340930.63,
2025-08-11,3.44,3.41,3.44,3.39,262563.62,
2025-08-12,3.39,3.39,3.4,3.36,246316.65,
2025-08-13,3.39,3.45,3.45,3.38,374251.01,
2025-08-14,3.44,3.36,3.45,3.35,327054.24,
2025-08-15,3.35,3.41,3.43,3.34,308829.23,
2025-08-18,3.41,3.37,3.44,3.36,440169.07,
2025-08-19,3.36,3.39,3.41,3.36,311368.14,
2025-08-20,3.37,3.5,3.56,3.37,798013.01,
2025-08-21,3.51,3.47,3.58,3.45,517737.16,
2025-08-22,3.47,3.45,3.51,3.43,359326.14,
2025-08-25,3.5,3.59,3.62,3.49,854601.98,
2025-08-26,3.58,3.57,3.59,3.5,466023.6,
2025-08-27,3.58,3.49,3.63,3.49,687256.83,244320.141
2025-08-28,3.48,3.48,3.54,3.35,521831.25,180091.383
2025-08-29,3.48,3.53,3.59,3.46,552602.06,195334.325
2025-09-01,3.54,3.69,3.71,3.48,1006534.95,366336.764
2025-09-02,3.74,3.74,3.84,3.66,1282399.91,479550.315
2025-09-03,3.77,3.6,3.78,3.57,884194.51,323557.677
2025-09-04,3.6,3.49,3.67,3.42,656376.65,232667.003
2025-09-05,3.5,3.58,3.59,3.46,476669.81,169061.932
2025-09-08,3.62,3.65,3.7,3.59,471961.02,172078.806
2025-09-09,3.62,3.68,3.75,3.62,603282.03,222506.99
2025-09-10,3.66,3.68,3.71,3.6,471924.88,172754.582
2025-09-11,3.69,3.79,3.79,3.63,733536.61,273872.388
2025-09-12,3.8,3.88,3.96,3.75,1044947.63,403238.774
2025-09-15,3.88,3.85,3.93,3.82,697376.83,269200.664
2025-09-16,3.94,3.75,3.95,3.66,895970.22,334828.575
2025-09-17,3.73,3.79,3.79,3.67,568138.3,212304.09
2025-09-18,3.72,3.6,3.73,3.56,746330.92,272490.092
2025-09-19,3.6,3.52,3.61,3.5,477811.41,169223.024
2025-09-22,3.53,3.51,3.59,3.45,352822.22,123422.354
2025-09-23,3.51,3.43,3.54,3.36,397206.01,136131.147
2025-09-24,3.4,3.48,3.49,3.38,307777.68,106311.058
2025-09-25,3.54,3.51,3.63,3.48,534434.09,189788.717
2025-09-26,3.47,3.53,3.63,3.45,504469.45,179411.234
2025-09-29,3.56,3.67,3.67,3.47,678954.91,244001.221
2025-09-30,3.68,3.89,3.95,3.68,1419235.67,548759.256
2025-10-09,3.97,4.03,4.03,3.91,1167741.7,464649.585
2025-10-10,3.94,3.95,4.02,3.91,741038.99,293493.581
2025-10-13,3.81,4.03,4.07,3.77,897775.92,354548.214
2025-10-14,4.14,4.07,4.39,4.03,1239748.67,515772.669
2025-10-15,4.06,4.04,4.11,4.0,726346.99,293806.458
2025-10-16,4.0,3.94,4.07,3.91,487890.63,194282.333
2025-10-17,3.98,3.93,4.12,3.92,725823.26,290707.699
2025-10-20,3.96,3.86,3.99,3.84,501105.12,194594.687
2025-10-21,3.93,3.88,3.94,3.87,426844.7,166581.688
2025-10-22,3.82,3.85,3.9,3.76,479510.6,183849.463
2025-10-23,3.84,3.93,3.94,3.78,538362.4,207814.49
2025-10-24,3.94,3.96,4.02,3.85,573977.1,225242.265
2025-10-27,3.93,3.91,3.95,3.86,933865.55,363870.563
2025-10-28,3.87,3.81,3.9,3.79,618813.65,237581.592
2025-10-29,3.81,3.97,3.98,3.8,803411.76,313897.805
