date,open,close,high,low,volume,amount
2022-01-04,3.1,3.23,3.23,2.97,189717.13,
2022-01-05,3.39,3.39,3.39,3.39,55213.06,
2022-01-06,3.56,3.46,3.56,3.28,793933.15,
2022-01-07,3.52,3.63,3.63,3.42,602024.8,
2022-01-10,3.81,3.81,3.81,3.81,21571.08,
2022-01-11,4.0,4.0,4.0,4.0,10050.02,
2022-01-12,4.2,4.2,4.2,4.2,12677.0,
2022-01-13,4.41,4.41,4.41,4.3,624944.95,
2022-01-14,4.4,4.63,4.63,4.19,1105920.47,
2022-01-17,4.4,4.4,4.4,4.4,148024.0,
2022-01-18,4.18,4.18,4.18,4.18,13916.0,
2022-01-19,3.97,3.97,3.97,3.97,6544.0,
2022-01-20,3.77,3.77,4.07,3.77,886119.84,
2022-01-21,3.58,3.58,3.58,3.58,28287.0,
2022-01-24,3.4,3.4,3.4,3.4,9386.0,
2022-01-25,3.23,3.23,3.28,3.23,349977.96,
2022-01-26,3.07,3.07,3.07,3.07,21057.0,
2022-01-27,2.92,2.92,2.92,2.92,26855.0,
2022-01-28,2.77,2.77,2.82,2.77,443970.0,
2022-02-07,2.72,2.63,2.76,2.63,580530.0,
2022-02-08,2.76,2.76,2.76,2.76,41342.0,
2022-02-09,2.9,2.9,2.9,2.9,12060.0,
2022-02-10,3.04,3.05,3.05,2.8,936669.12,
2022-02-11,2.95,2.9,3.01,2.9,342349.85,
2022-02-14,2.76,2.77,2.84,2.76,499079.04,
2022-02-15,2.78,2.91,2.91,2.76,526338.0,
2022-02-16,2.81,2.77,2.85,2.76,466611.0,
2022-02-17,2.75,2.77,2.83,2.69,292077.8,
2022-02-18,2.72,2.73,2.76,2.64,248919.08,
2022-02-21,2.73,2.72,2.81,2.7,234561.08,
2022-02-22,2.65,2.58,2.7,2.58,389960.6,
2022-02-23,2.56,2.6,2.63,2.53,264571.0,
2022-02-24,2.57,2.48,2.65,2.47,355429.6,
2022-02-25,2.47,2.6,2.6,2.43,336070.04,
2022-02-28,2.59,2.57,2.64,2.48,285931.0,
2022-03-01,2.56,2.67,2.7,2.54,354346.0,
2022-03-02,2.65,2.65,2.72,2.59,261863.18,
2022-03-03,2.63,2.54,2.66,2.52,308794.0,
2022-03-04,2.5,2.51,2.56,2.48,154473.0,
2022-03-07,2.51,2.41,2.52,2.38,230409.06,
2022-03-08,2.39,2.32,2.41,2.3,186938.02,
2022-03-09,2.29,2.25,2.35,2.2,199700.02,
2022-03-10,2.36,2.36,2.36,2.34,101006.6,
2022-03-11,2.48,2.48,2.48,2.44,139806.6,
2022-03-14,2.6,2.6,2.6,2.6,16222.0,
2022-03-15,2.73,2.73,2.73,2.7,653738.04,
2022-03-16,2.71,2.7,2.83,2.59,635752.0,
2022-03-17,2.65,2.84,2.84,2.65,248638.9,
2022-03-18,2.95,2.85,2.98,2.84,622672.02,
2022-03-21,2.78,2.79,2.91,2.74,417966.6,
2022-03-22,2.73,2.65,2.77,2.65,327088.0,
2022-03-23,2.63,2.78,2.78,2.61,318356.64,
2022-03-24,2.76,2.68,2.77,2.66,319709.0,
2022-03-25,2.65,2.69,2.78,2.65,229834.67,
2022-03-28,2.66,2.68,2.71,2.62,168336.9,
2022-03-29,2.67,2.81,2.81,2.66,236893.0,
2022-03-30,2.81,2.82,2.89,2.74,311875.56,
2022-03-31,2.79,2.68,2.82,2.68,309880.0,
2022-04-01,2.66,2.66,2.75,2.64,178946.0,
2022-04-06,2.7,2.67,2.73,2.65,148139.0,
2022-04-07,2.65,2.55,2.66,2.54,190967.64,
2022-04-08,2.6,2.59,2.64,2.54,152547.64,
2022-04-11,2.58,2.56,2.71,2.56,189290.0,
2022-04-12,2.55,2.54,2.59,2.43,189515.0,
2022-04-13,2.51,2.42,2.51,2.41,144044.0,
2022-04-14,2.43,2.46,2.54,2.41,224766.56,
2022-04-15,2.39,2.35,2.46,2.34,246530.58,
2022-04-18,2.23,2.27,2.34,2.23,233649.85,
2022-04-19,2.29,2.28,2.34,2.24,158592.0,
2022-04-20,2.28,2.19,2.29,2.17,160610.64,
2022-04-21,2.2,2.08,2.24,2.08,192476.67,
2022-04-22,2.06,2.1,2.13,2.0,143790.2,
2022-04-25,2.08,2.0,2.08,2.0,133416.0,
2022-04-26,1.93,1.91,2.06,1.9,224407.85,
2022-04-27,1.94,1.86,1.94,1.81,169378.95,
2022-04-28,1.81,1.78,1.88,1.77,136376.13,
2022-04-29,1.82,1.87,1.87,1.79,86048.0,
2022-05-05,1.96,1.96,1.96,1.92,78950.0,
2022-05-06,2.06,2.06,2.06,2.03,56048.14,
2022-05-09,2.16,2.16,2.16,2.16,3995.0,
2022-05-10,2.27,2.27,2.27,2.27,7210.0,
2022-05-11,2.38,2.35,2.38,2.27,405270.67,
2022-05-12,2.37,2.26,2.47,2.24,228575.67,
2022-05-13,2.26,2.37,2.37,2.24,182044.0,
2022-05-16,2.38,2.31,2.39,2.3,162764.0,
2022-05-17,2.3,2.43,2.43,2.3,112230.0,
2022-05-18,2.55,2.55,2.55,2.55,20587.0,
2022-05-19,2.68,2.66,2.68,2.55,333882.0,
2022-05-20,2.64,2.78,2.79,2.56,267064.72,
2022-05-23,2.71,2.64,2.8,2.64,236609.0,
2022-05-24,2.56,2.51,2.63,2.51,149011.0,
2022-05-25,2.46,2.5,2.6,2.38,151719.76,
2022-05-26,2.5,2.63,2.63,2.47,168135.76,
2022-05-27,2.58,2.51,2.64,2.5,134550.0,
2022-05-30,2.48,2.43,2.55,2.4,102850.0,
2022-05-31,2.48,2.39,2.53,2.37,108712.58,
2022-06-01,2.39,2.51,2.51,2.39,190428.58,
2022-06-02,2.48,2.51,2.58,2.42,143028.0,
2022-06-06,2.5,2.43,2.51,2.41,99566.0,
2022-06-07,2.4,2.31,2.47,2.31,134816.0,
2022-06-08,2.28,2.28,2.34,2.21,162256.0,
2022-06-09,2.25,2.23,2.3,2.21,70812.0,
2022-06-10,2.24,2.16,2.28,2.13,167572.02,
2022-06-13,2.17,2.15,2.19,2.12,91953.0,
2022-06-14,2.26,2.26,2.26,2.26,40019.0,
2022-06-15,2.37,2.27,2.37,2.21,209668.0,
2022-06-16,2.25,2.21,2.25,2.17,122968.0,
2022-06-17,2.18,2.16,2.24,2.15,92547.0,
2022-06-20,2.15,2.09,2.15,2.05,153853.0,
2022-06-21,2.09,2.09,2.15,2.05,98396.0,
2022-06-22,2.09,2.19,2.19,2.06,152191.0,
2022-06-23,2.17,2.12,2.2,2.12,115615.0,
2022-06-24,2.1,2.11,2.14,2.07,95959.0,
2022-06-27,2.09,2.13,2.14,2.09,72487.3,
2022-06-28,2.14,2.11,2.15,2.09,80012.0,
2022-06-29,2.1,2.06,2.11,2.05,104338.0,
2022-06-30,2.05,2.07,2.14,2.04,106191.0,
2022-07-01,2.09,2.1,2.13,2.08,74566.0,
2022-07-04,2.21,2.21,2.21,2.21,27747.0,
2022-07-05,2.26,2.23,2.27,2.14,179706.0,
2022-07-06,2.21,2.3,2.34,2.2,163874.0,
2022-07-07,2.27,2.26,2.32,2.25,95858.0,
2022-07-08,2.26,2.19,2.27,2.17,93231.06,
2022-07-11,2.21,2.2,2.23,2.17,66965.0,
2022-07-12,2.19,2.14,2.21,2.14,65153.06,
2022-07-13,2.14,2.16,2.17,2.13,63160.0,
2022-07-14,2.16,2.23,2.27,2.16,115426.0,
2022-07-15,2.3,2.21,2.3,2.21,98835.0,
2022-07-18,2.2,2.27,2.29,2.2,77477.0,
2022-07-19,2.3,2.32,2.33,2.28,84750.99,
2022-07-20,2.33,2.44,2.44,2.3,204245.09,
2022-07-21,2.41,2.47,2.55,2.41,196407.22,
2022-07-22,2.47,2.59,2.59,2.45,195906.0,
2022-07-25,2.63,2.58,2.72,2.55,229753.0,
2022-07-26,2.6,2.6,2.67,2.45,201032.0,
2022-07-27,2.56,2.58,2.64,2.55,97662.0,
2022-07-28,2.59,2.53,2.62,2.5,101111.0,
2022-07-29,2.5,2.43,2.55,2.4,129583.0,
2022-08-01,2.55,2.55,2.55,2.53,62984.0,
2022-08-02,2.68,2.68,2.68,2.68,49591.0,
2022-08-03,2.81,2.72,2.81,2.55,407813.62,
2022-08-04,2.67,2.86,2.86,2.67,223259.02,
2022-08-05,2.97,2.89,2.98,2.79,317730.23,
2022-08-08,2.84,2.87,2.92,2.8,164670.0,
2022-08-09,2.84,2.78,2.87,2.74,142607.04,
2022-08-10,2.8,2.92,2.92,2.75,122407.08,
2022-08-11,3.03,2.95,3.03,2.92,207151.0,
2022-08-12,2.93,3.1,3.1,2.93,103116.0,
2022-08-15,3.26,3.26,3.26,3.26,11492.0,
2022-08-16,3.42,3.42,3.42,3.42,12580.0,
2022-08-17,3.59,3.43,3.59,3.3,492717.88,
2022-08-18,3.45,3.33,3.48,3.28,248499.02,
2022-08-19,3.38,3.26,3.38,3.22,226586.68,
2022-08-22,3.22,3.26,3.32,3.19,152880.0,
2022-08-23,3.26,3.24,3.34,3.2,183446.0,
2022-08-24,3.2,3.08,3.2,3.08,194090.0,
2022-08-25,3.02,2.94,3.05,2.93,260121.0,
2022-08-26,2.94,3.02,3.08,2.92,177891.0,
2022-08-29,2.95,2.98,3.06,2.92,95969.0,
2022-08-30,2.99,3.06,3.12,2.97,140506.0,
2022-08-31,3.03,2.95,3.08,2.92,114399.0,
2022-09-01,2.97,2.93,3.0,2.92,68944.0,
2022-09-02,2.95,3.08,3.08,2.95,92445.0,
2022-09-05,3.17,3.17,3.23,3.07,212397.0,
2022-09-06,3.33,3.25,3.33,3.24,232236.0,
2022-09-07,3.2,3.11,3.26,3.1,186646.0,
2022-09-08,3.12,3.14,3.22,3.11,97197.96,
2022-09-09,3.13,3.1,3.17,3.03,73851.0,
2022-09-13,3.08,3.06,3.13,3.02,78633.0,
2022-09-14,3.02,3.1,3.12,2.97,100304.02,
2022-09-15,3.08,3.04,3.13,3.0,85829.0,
2022-09-16,3.01,3.02,3.05,2.98,41456.0,
2022-09-19,3.04,2.9,3.04,2.9,76816.0,
2022-09-20,2.85,2.88,2.91,2.81,59058.0,
2022-09-21,2.86,2.83,2.87,2.81,54619.64,
2022-09-22,2.79,2.85,2.88,2.76,67587.0,
2022-09-23,2.87,2.73,2.87,2.73,67656.0,
2022-09-26,2.69,2.67,2.76,2.64,60575.04,
2022-09-27,2.69,2.73,2.73,2.68,55249.0,
2022-09-28,2.73,2.83,2.86,2.72,101531.0,
2022-09-29,2.87,2.85,2.95,2.85,88349.0,
2022-09-30,2.85,2.78,2.87,2.76,52638.0,
2022-10-10,2.85,2.75,2.88,2.72,38255.0,
2022-10-11,2.73,2.69,2.75,2.66,39043.0,
2022-10-12,2.67,2.7,2.72,2.56,62982.96,
2022-10-13,2.7,2.74,2.78,2.63,51824.0,
2022-10-14,2.73,2.85,2.88,2.71,110408.0,
2022-10-17,2.79,2.82,2.83,2.76,72434.0,
2022-10-18,2.83,2.82,2.87,2.8,55529.32,
2022-10-19,2.82,2.79,2.82,2.76,34474.0,
2022-10-20,2.8,2.8,2.83,2.77,38929.0,
2022-10-21,2.8,2.85,2.88,2.78,54023.98,
2022-10-24,2.84,2.71,2.87,2.71,94014.0,
2022-10-25,2.68,2.66,2.69,2.57,78452.0,
2022-10-26,2.65,2.7,2.72,2.63,42687.0,
2022-10-27,2.7,2.7,2.75,2.69,34403.0,
2022-10-28,2.69,2.67,2.71,2.64,31412.0,
2022-10-31,2.62,2.67,2.71,2.59,35808.0,
2022-11-01,2.66,2.7,2.7,2.64,27230.0,
2022-11-02,2.69,2.73,2.78,2.69,36508.0,
2022-11-03,2.74,2.87,2.87,2.73,78043.0,
2022-11-04,2.9,2.88,2.92,2.85,80579.0,
2022-11-07,2.86,2.92,2.97,2.86,57729.18,
2022-11-08,2.92,2.98,3.05,2.9,87638.02,
2022-11-09,2.96,3.01,3.03,2.95,57762.0,
2022-11-10,3.0,3.04,3.09,2.98,75633.04,
2022-11-11,3.04,2.97,3.09,2.95,81088.0,
2022-11-14,2.96,2.89,2.99,2.87,80788.02,
2022-11-15,2.92,2.91,2.96,2.86,70021.02,
2022-11-16,2.92,2.9,2.94,2.89,53621.04,
2022-11-17,2.89,2.9,2.92,2.88,50748.0,
2022-11-18,2.98,3.05,3.05,2.95,172920.8,
2022-11-21,3.05,3.09,3.1,2.95,172806.0,
2022-11-22,3.09,2.94,3.24,2.94,191047.0,
2022-11-23,2.79,2.79,2.84,2.79,200976.0,
2022-11-24,2.8,2.85,2.92,2.75,112685.0,
2022-11-25,2.82,2.82,2.9,2.79,100240.0,
2022-11-28,2.8,2.79,2.84,2.72,51277.0,
2022-11-29,2.8,2.88,2.92,2.79,122835.0,
2022-11-30,2.93,2.9,3.01,2.87,115592.02,
2022-12-01,2.88,2.88,2.95,2.85,86207.02,
2022-12-02,2.87,2.96,3.0,2.87,119123.0,
2022-12-05,3.03,2.95,3.03,2.93,101096.0,
2022-12-06,2.94,2.98,3.01,2.93,76167.0,
2022-12-07,2.98,3.04,3.09,2.97,118295.0,
2022-12-08,3.02,2.97,3.05,2.95,107619.0,
2022-12-09,3.03,3.12,3.12,3.0,317133.02,
2022-12-12,3.26,3.07,3.26,3.06,439822.32,
2022-12-13,3.0,2.92,3.05,2.92,328864.1,
2022-12-14,2.88,2.89,2.93,2.85,131222.0,
2022-12-15,2.87,2.97,2.97,2.87,128637.0,
2022-12-16,2.94,2.95,3.0,2.94,93179.0,
2022-12-19,2.96,2.96,2.96,2.89,89360.0,
2022-12-20,2.95,2.95,3.02,2.89,80681.0,
2022-12-21,2.9,2.8,2.91,2.8,136447.0,
2022-12-22,2.72,2.68,2.79,2.66,100594.03,
2022-12-23,2.78,2.81,2.81,2.75,62780.0,
2022-12-26,2.95,2.95,2.95,2.91,61187.0,
2022-12-27,2.99,2.91,2.99,2.8,222341.0,
2022-12-28,2.97,2.82,2.98,2.82,96153.1,
2022-12-29,2.8,2.79,2.84,2.73,59754.0,
2022-12-30,2.8,2.78,2.83,2.76,59973.03,
2023-01-03,2.64,2.7,2.75,2.64,119532.04,
2023-01-04,2.69,2.7,2.73,2.67,56133.0,
2023-01-05,2.7,2.68,2.72,2.68,67057.0,
2023-01-06,2.68,2.69,2.73,2.68,54254.0,
2023-01-09,2.71,2.67,2.71,2.67,50548.0,
2023-01-10,2.67,2.63,2.69,2.59,61647.1,
2023-01-11,2.61,2.61,2.66,2.58,57690.0,
2023-01-12,2.62,2.5,2.62,2.48,92598.0,
2023-01-13,2.5,2.58,2.58,2.49,50144.0,
2023-01-16,2.57,2.59,2.62,2.56,42785.0,
2023-01-17,2.59,2.62,2.64,2.59,35786.0,
2023-01-18,2.75,2.75,2.75,2.72,101840.0,
2023-01-19,2.7,2.66,2.71,2.64,122047.0,
2023-01-20,2.67,2.69,2.71,2.66,57971.0,
2023-01-30,2.73,2.57,2.74,2.56,202534.19,
2023-01-31,2.52,2.62,2.64,2.51,116281.0,
2023-02-01,2.61,2.61,2.64,2.56,95523.0,
2023-02-02,2.61,2.57,2.61,2.57,69466.0,
2023-02-03,2.58,2.61,2.62,2.56,54620.02,
2023-02-06,2.62,2.69,2.74,2.61,117100.02,
2023-02-07,2.72,2.69,2.72,2.66,47345.19,
2023-02-08,2.8,2.75,2.82,2.73,182967.05,
2023-02-09,2.68,2.65,2.68,2.61,138868.05,
2023-02-10,2.65,2.67,2.67,2.64,50919.0,
2023-02-13,2.66,2.65,2.67,2.62,52385.0,
2023-02-14,2.66,2.6,2.66,2.59,72733.0,
2023-02-15,2.6,2.6,2.6,2.56,38156.22,
2023-02-16,2.63,2.63,2.72,2.57,108302.01,
2023-02-17,2.76,2.76,2.76,2.76,44113.0,
2023-02-20,2.9,2.9,2.9,2.9,16771.0,
2023-02-21,3.05,3.05,3.05,2.98,873089.25,
2023-02-22,2.94,2.9,2.97,2.9,488684.0,
2023-02-23,2.87,2.95,3.04,2.85,312718.0,
2023-02-24,2.91,2.97,3.03,2.91,189697.84,
2023-02-27,2.96,2.88,2.96,2.84,163613.84,
2023-02-28,2.88,2.86,2.9,2.82,169286.0,
2023-03-01,2.86,2.87,2.94,2.82,146061.0,
2023-03-02,2.87,2.88,2.92,2.84,113402.0,
2023-03-03,2.87,3.01,3.02,2.85,308823.0,
2023-03-06,3.02,3.16,3.16,2.95,330572.84,
2023-03-07,3.21,3.21,3.32,3.17,495434.69,
2023-03-08,3.19,3.36,3.37,3.18,431738.0,
2023-03-09,3.36,3.19,3.36,3.19,405920.3,
2023-03-10,3.23,3.25,3.35,3.21,274878.0,
2023-03-13,3.22,3.32,3.39,3.22,282799.0,
2023-03-14,3.29,3.33,3.36,3.25,196181.0,
2023-03-15,3.42,3.5,3.5,3.42,132106.2,
2023-03-16,3.4,3.33,3.55,3.33,580428.4,
2023-03-17,3.23,3.16,3.25,3.16,286013.0,
2023-03-20,3.05,3.09,3.15,3.01,279138.0,
2023-03-21,3.08,3.09,3.15,3.05,153440.0,
2023-03-22,3.09,3.15,3.15,3.08,134432.0,
2023-03-23,3.15,3.09,3.16,3.07,124862.0,
2023-03-24,3.08,3.08,3.12,3.04,101379.0,
2023-03-27,3.07,3.15,3.19,3.07,131511.0,
2023-03-28,3.14,3.08,3.15,3.08,80209.0,
2023-03-29,3.08,3.23,3.23,3.07,199392.0,
2023-03-30,3.18,3.07,3.27,3.07,209440.0,
2023-03-31,2.98,3.1,3.18,2.97,145203.0,
2023-04-03,3.08,3.08,3.11,3.03,117144.0,
2023-04-04,3.16,3.1,3.22,3.08,157930.0,
2023-04-06,2.99,3.06,3.07,2.99,131034.06,
2023-04-07,3.06,3.09,3.12,3.02,87871.42,
2023-04-10,3.09,3.03,3.13,3.02,83562.0,
2023-04-11,3.0,2.93,3.03,2.88,111994.46,
2023-04-12,2.93,2.91,2.94,2.88,89156.46,
2023-04-13,2.91,2.94,2.95,2.88,79908.0,
2023-04-14,2.94,2.95,3.01,2.94,51297.0,
2023-04-17,2.91,2.91,2.96,2.88,69078.0,
2023-04-18,2.89,2.91,2.92,2.88,42764.6,
2023-04-19,2.89,2.79,2.91,2.76,120515.0,
2023-04-20,2.77,2.81,2.84,2.72,81095.0,
2023-04-21,2.83,2.72,2.83,2.71,50343.0,
2023-04-24,2.7,2.83,2.86,2.63,115581.0,
2023-04-25,2.81,2.71,2.82,2.7,87254.0,
2023-04-26,2.72,2.7,2.73,2.67,45566.0,
2023-04-27,2.66,2.57,2.66,2.57,176149.0,
2023-04-28,2.56,2.63,2.65,2.51,80124.0,
2023-05-05,2.59,2.5,2.63,2.5,145622.02,
2023-05-08,2.45,2.63,2.63,2.45,114489.6,
2023-05-09,2.71,2.55,2.71,2.55,104143.6,
2023-05-10,2.54,2.58,2.63,2.53,34746.0,
2023-05-11,2.58,2.64,2.67,2.57,45474.0,
2023-05-12,2.63,2.63,2.67,2.61,33386.0,
2023-05-15,2.65,2.62,2.68,2.59,35260.02,
2023-05-16,2.63,2.58,2.64,2.57,25164.0,
2023-05-17,2.57,2.57,2.6,2.55,21575.0,
2023-05-18,2.58,2.62,2.63,2.55,39667.0,
2023-05-19,2.62,2.61,2.65,2.6,29817.0,
2023-05-22,2.61,2.63,2.65,2.6,26900.0,
2023-05-23,2.63,2.68,2.74,2.62,57596.0,
2023-05-24,2.7,2.74,2.76,2.68,52071.02,
2023-05-25,2.77,2.74,2.79,2.68,67537.0,
2023-05-26,2.75,2.7,2.75,2.69,33566.0,
2023-05-29,2.7,2.67,2.7,2.64,36878.0,
2023-05-30,2.68,2.71,2.72,2.65,28962.2,
2023-05-31,2.73,2.72,2.75,2.7,31631.0,
2023-06-01,2.73,2.81,2.83,2.72,63071.02,
2023-06-02,2.85,2.89,2.94,2.83,69802.06,
2023-06-05,2.89,2.95,3.0,2.89,70114.0,
2023-06-06,3.0,2.91,3.01,2.89,63526.0,
2023-06-07,2.9,2.8,2.9,2.76,79746.0,
2023-06-08,2.8,2.81,2.83,2.77,28161.0,
2023-06-09,2.82,2.81,2.83,2.81,22442.04,
2023-06-12,2.81,2.78,2.81,2.76,32015.0,
2023-06-13,2.78,2.83,2.91,2.76,41705.0,
2023-06-14,2.83,2.82,2.84,2.79,29311.02,
2023-06-15,2.81,2.79,2.82,2.79,31483.0,
2023-06-16,2.81,2.84,2.85,2.8,31015.0,
2023-06-19,2.81,2.84,2.86,2.81,27296.0,
2023-06-20,2.82,2.87,2.87,2.82,36281.0,
2023-06-21,2.86,2.89,2.92,2.84,43083.0,
2023-06-26,2.9,2.85,2.95,2.84,49494.0,
2023-06-27,2.83,2.86,2.87,2.82,22542.0,
2023-06-28,2.86,2.86,2.88,2.82,24240.0,
2023-06-29,2.89,2.9,2.92,2.87,41230.0,
2023-06-30,2.9,2.88,2.92,2.87,31763.0,
2023-07-03,2.9,2.91,2.97,2.89,27173.0,
2023-07-04,2.92,2.9,2.92,2.86,22187.0,
2023-07-05,2.9,2.89,2.91,2.89,18901.0,
2023-07-06,2.9,2.89,2.91,2.88,19769.0,
2023-07-07,2.9,2.93,2.94,2.88,42559.0,
2023-07-10,2.91,2.78,2.91,2.78,72623.0,
2023-07-11,2.73,2.77,2.82,2.69,61584.02,
2023-07-12,2.78,2.66,2.78,2.63,90019.04,
2023-07-13,2.67,2.67,2.68,2.62,38087.0,
2023-07-14,2.67,2.67,2.67,2.63,34825.04,
2023-07-17,2.61,2.65,2.71,2.55,50620.04,
2023-07-18,2.65,2.66,2.67,2.6,38702.0,
2023-07-19,2.66,2.67,2.69,2.64,19288.0,
2023-07-20,2.67,2.63,2.68,2.63,31432.0,
2023-07-21,2.64,2.58,2.64,2.56,57758.02,
2023-07-24,2.58,2.62,2.64,2.56,52081.0,
2023-07-25,2.63,2.6,2.65,2.59,32423.0,
2023-07-26,2.59,2.6,2.63,2.58,37897.0,
2023-07-27,2.59,2.61,2.62,2.59,29701.0,
2023-07-28,2.6,2.63,2.65,2.59,30844.0,
2023-07-31,2.65,2.64,2.65,2.62,31233.0,
2023-08-01,2.66,2.69,2.71,2.65,43017.02,
2023-08-02,2.69,2.67,2.7,2.65,27636.2,
2023-08-03,2.66,2.65,2.67,2.63,18449.0,
2023-08-04,2.67,2.66,2.67,2.64,22417.0,
2023-08-07,2.65,2.65,2.66,2.63,13395.0,
2023-08-08,2.78,2.78,2.78,2.74,34422.44,
2023-08-09,2.86,2.71,2.86,2.69,100798.0,
2023-08-10,2.72,2.74,2.77,2.67,46157.0,
2023-08-11,2.74,2.68,2.74,2.66,42096.0,
2023-08-14,2.67,2.65,2.68,2.57,30266.0,
2023-08-15,2.67,2.68,2.68,2.65,19924.0,
2023-08-16,2.66,2.74,2.74,2.65,38931.0,
2023-08-17,2.72,2.77,2.77,2.7,43707.0,
2023-08-18,2.76,2.72,2.8,2.67,57070.0,
2023-08-21,2.71,2.72,2.74,2.69,28169.04,
2023-08-22,2.73,2.69,2.73,2.68,25879.0,
2023-08-23,2.69,2.61,2.69,2.6,35380.0,
2023-08-24,2.61,2.74,2.74,2.55,109776.0,
2023-08-25,2.71,2.65,2.74,2.64,85607.02,
2023-08-28,2.7,2.63,2.7,2.61,40348.0,
2023-08-29,2.62,2.62,2.65,2.6,33297.0,
2023-08-30,2.6,2.59,2.6,2.56,64748.2,
2023-08-31,2.58,2.59,2.6,2.57,24473.0,
2023-09-01,2.6,2.63,2.67,2.58,45971.0,
2023-09-04,2.61,2.66,2.66,2.61,34516.0,
2023-09-05,2.65,2.64,2.66,2.62,21290.0,
2023-09-06,2.66,2.64,2.66,2.61,16593.0,
2023-09-07,2.63,2.63,2.64,2.6,20725.0,
2023-09-08,2.65,2.62,2.65,2.6,16731.0,
2023-09-11,2.61,2.59,2.61,2.57,20367.0,
2023-09-12,2.58,2.58,2.6,2.57,18419.06,
2023-09-13,2.57,2.55,2.58,2.53,36495.0,
2023-09-14,2.55,2.49,2.55,2.46,42645.0,
2023-09-15,2.52,2.52,2.55,2.49,22591.0,
2023-09-18,2.55,2.56,2.59,2.53,23013.0,
2023-09-19,2.56,2.57,2.57,2.53,18543.0,
2023-09-20,2.56,2.58,2.6,2.56,18935.0,
2023-09-21,2.58,2.53,2.59,2.53,29634.0,
2023-09-22,2.53,2.55,2.58,2.51,27316.0,
2023-09-25,2.53,2.5,2.56,2.5,22196.0,
2023-09-26,2.5,2.5,2.53,2.47,18088.15,
2023-09-27,2.52,2.49,2.52,2.49,12685.0,
2023-09-28,2.51,2.5,2.51,2.49,15283.0,
2023-10-09,2.52,2.52,2.58,2.5,47417.02,
2023-10-10,2.51,2.54,2.54,2.51,10459.0,
2023-10-11,2.55,2.56,2.57,2.54,15883.0,
2023-10-12,2.67,2.69,2.69,2.63,98325.0,
2023-10-13,2.66,2.7,2.75,2.58,103819.04,
2023-10-16,2.71,2.57,2.71,2.57,137946.0,
2023-10-17,2.59,2.55,2.59,2.54,33084.0,
2023-10-18,2.55,2.51,2.59,2.47,52589.02,
2023-10-19,2.51,2.53,2.55,2.5,29668.02,
2023-10-20,2.56,2.63,2.66,2.53,74067.0,
2023-10-23,2.63,2.67,2.7,2.6,74607.0,
2023-10-24,2.67,2.67,2.67,2.63,29712.02,
2023-10-25,2.66,2.69,2.7,2.64,37215.0,
2023-10-26,2.66,2.69,2.71,2.66,25565.02,
2023-10-27,2.69,2.68,2.69,2.65,31720.0,
2023-10-30,2.68,2.71,2.72,2.66,43504.01,
2023-10-31,2.7,2.69,2.71,2.67,28847.26,
2023-11-01,2.68,2.56,2.7,2.56,94668.0,
2023-11-02,2.43,2.47,2.52,2.43,153821.4,
2023-11-03,2.46,2.44,2.5,2.44,91679.18,
2023-11-06,2.45,2.46,2.47,2.42,63699.02,
2023-11-07,2.46,2.52,2.54,2.44,86151.0,
2023-11-08,2.52,2.61,2.64,2.5,74413.0,
2023-11-09,2.6,2.61,2.66,2.57,67211.77,
2023-11-10,2.6,2.66,2.74,2.6,131329.13,
2023-11-13,2.69,2.7,2.71,2.67,54362.58,
2023-11-14,2.7,2.67,2.7,2.65,42117.58,
2023-11-15,2.67,2.68,2.72,2.64,52604.35,
2023-11-16,2.68,2.65,2.7,2.59,78601.02,
2023-11-17,2.66,2.55,2.67,2.52,187520.58,
2023-11-20,2.54,2.63,2.66,2.53,135381.26,
2023-11-21,2.67,2.73,2.76,2.65,165695.02,
2023-11-22,2.75,2.87,2.87,2.73,235426.3,
2023-11-23,2.86,2.91,3.0,2.83,250364.55,
2023-11-24,2.92,3.03,3.05,2.88,222954.56,
2023-11-27,3.0,2.88,3.03,2.88,238701.0,
2023-11-28,2.86,2.84,2.95,2.81,105981.2,
2023-11-29,2.85,2.79,2.85,2.77,80370.0,
2023-11-30,2.79,2.82,2.88,2.79,66762.54,
2023-12-01,2.87,2.76,2.88,2.72,114374.0,
2023-12-04,2.76,2.71,2.78,2.68,112495.02,
2023-12-05,2.75,2.7,2.78,2.7,64339.0,
2023-12-06,2.69,2.71,2.73,2.64,60345.0,
2023-12-07,2.71,2.75,2.75,2.68,53142.0,
2023-12-08,2.79,2.87,2.88,2.77,109289.36,
2023-12-11,2.87,2.81,2.88,2.79,96413.22,
2023-12-12,2.81,2.85,2.87,2.8,50644.04,
2023-12-13,2.84,2.84,2.88,2.83,64618.0,
2023-12-14,2.83,2.92,2.98,2.83,120157.04,
2023-12-15,2.95,2.97,3.05,2.88,166661.0,
2023-12-18,2.98,2.92,3.06,2.87,156525.02,
2023-12-19,2.89,2.77,2.94,2.77,181496.04,
2023-12-20,2.72,2.77,2.78,2.68,83276.04,
2023-12-21,2.75,2.72,2.77,2.69,102866.0,
2023-12-22,2.72,2.78,2.78,2.71,64416.0,
2023-12-25,2.66,2.85,2.86,2.66,115331.88,
2023-12-26,2.93,2.9,2.95,2.85,103557.04,
2023-12-27,2.89,2.87,2.96,2.86,120460.02,
2023-12-29,2.89,2.83,2.92,2.75,105704.23,
2024-01-02,2.83,2.78,2.83,2.77,73249.0,
2024-01-03,2.78,2.78,2.79,2.73,50443.0,
2024-01-04,2.77,2.79,2.79,2.73,48172.0,
2024-01-05,2.79,2.73,2.81,2.72,67705.0,
2024-01-08,2.73,2.67,2.76,2.67,54014.0,
2024-01-09,2.69,2.66,2.71,2.61,50300.0,
2024-01-10,2.66,2.72,2.74,2.61,52003.08,
2024-01-11,2.72,2.71,2.78,2.7,28520.08,
2024-01-12,2.72,2.67,2.72,2.66,39064.0,
2024-01-15,2.67,2.65,2.67,2.64,22303.0,
2024-01-16,2.67,2.62,2.68,2.62,25287.0,
2024-01-17,2.62,2.56,2.62,2.55,49792.0,
2024-01-18,2.55,2.59,2.59,2.52,50094.0,
2024-01-19,2.6,2.56,2.63,2.54,27643.0,
2024-01-22,2.56,2.47,2.57,2.44,54153.0,
2024-01-23,2.47,2.5,2.51,2.42,34407.02,
2024-01-24,2.5,2.55,2.59,2.48,38262.0,
2024-01-25,2.54,2.61,2.61,2.53,35819.22,
2024-01-26,2.62,2.61,2.64,2.6,17896.22,
2024-01-29,2.63,2.55,2.63,2.53,34467.0,
2024-01-30,2.55,2.56,2.59,2.48,53701.08,
2024-01-31,2.55,2.55,2.67,2.54,77010.0,
2024-02-01,2.54,2.48,2.54,2.43,49553.02,
2024-02-02,2.48,2.41,2.5,2.36,54722.0,
2024-02-05,2.39,2.29,2.4,2.29,39542.0,
2024-02-06,2.18,2.18,2.22,2.18,87952.0,
2024-02-07,2.2,2.18,2.23,2.17,40916.0,
2024-02-08,2.18,2.23,2.28,2.16,50130.02,
2024-02-19,2.22,2.3,2.3,2.21,60231.0,
2024-02-20,2.33,2.42,2.42,2.29,79480.02,
2024-02-21,2.38,2.4,2.47,2.36,79162.0,
2024-02-22,2.4,2.4,2.44,2.34,68806.0,
2024-02-23,2.4,2.37,2.41,2.35,59252.0,
2024-02-26,2.37,2.37,2.4,2.36,64184.02,
2024-02-27,2.37,2.36,2.38,2.34,58378.36,
2024-02-28,2.37,2.26,2.37,2.25,87816.0,
2024-02-29,2.23,2.29,2.32,2.22,41244.0,
2024-03-01,2.3,2.27,2.32,2.26,48817.0,
2024-03-04,2.27,2.34,2.34,2.27,69934.0,
2024-03-05,2.32,2.33,2.35,2.3,42141.0,
2024-03-06,2.32,2.38,2.39,2.31,67816.0,
2024-03-07,2.38,2.33,2.38,2.33,46158.0,
2024-03-08,2.33,2.35,2.36,2.33,23452.0,
2024-03-11,2.34,2.33,2.35,2.32,62474.0,
2024-03-12,2.33,2.3,2.33,2.29,61152.0,
2024-03-13,2.29,2.28,2.31,2.27,47454.0,
2024-03-14,2.27,2.26,2.3,2.26,51471.02,
2024-03-15,2.26,2.3,2.31,2.25,56549.0,
2024-03-18,2.3,2.29,2.32,2.27,45963.0,
2024-03-19,2.29,2.3,2.35,2.28,70709.02,
2024-03-20,2.3,2.28,2.3,2.27,57461.87,
2024-03-21,2.29,2.27,2.3,2.27,41529.46,
2024-03-22,2.28,2.25,2.28,2.25,52124.61,
2024-03-25,2.26,2.28,2.33,2.24,71506.25,
2024-03-26,2.28,2.28,2.29,2.25,52377.0,
2024-03-27,2.28,2.25,2.28,2.24,43588.0,
2024-03-28,2.25,2.25,2.28,2.22,43899.43,
2024-03-29,2.26,2.28,2.29,2.26,52408.09,
2024-04-01,2.29,2.34,2.34,2.29,81927.74,
2024-04-02,2.33,2.33,2.34,2.3,49609.0,
2024-04-03,2.33,2.45,2.45,2.29,137798.19,
2024-04-08,2.43,2.53,2.57,2.42,159550.02,
2024-04-09,2.52,2.54,2.61,2.48,87331.0,
2024-04-10,2.53,2.46,2.58,2.44,76790.36,
2024-04-11,2.45,2.44,2.53,2.43,40947.02,
2024-04-12,2.45,2.54,2.55,2.43,71156.22,
2024-04-15,2.41,2.45,2.52,2.41,69324.0,
2024-04-16,2.48,2.44,2.55,2.41,67550.23,
2024-04-17,2.46,2.48,2.5,2.46,32295.57,
2024-04-18,2.48,2.45,2.51,2.45,29885.0,
2024-04-19,2.44,2.44,2.48,2.42,33872.0,
2024-04-22,2.44,2.5,2.52,2.42,46746.02,
2024-04-23,2.52,2.52,2.54,2.5,32141.7,
2024-04-24,2.53,2.65,2.65,2.51,94791.92,
2024-04-25,2.67,2.65,2.75,2.63,110818.0,
2024-04-26,2.65,2.67,2.72,2.63,57585.0,
2024-04-29,2.72,2.68,2.73,2.64,99696.0,
2024-04-30,2.68,2.55,2.68,2.55,147168.64,
2024-05-06,2.52,2.42,2.55,2.42,118004.0,
2024-05-07,2.42,2.43,2.45,2.41,57256.17,
2024-05-08,2.43,2.31,2.44,2.31,114764.0,
2024-05-09,2.31,2.34,2.36,2.26,65904.0,
2024-05-10,2.32,2.37,2.38,2.26,71965.62,
2024-05-13,2.32,2.4,2.44,2.32,76241.64,
2024-05-14,2.39,2.41,2.43,2.35,69882.0,
2024-05-15,2.42,2.44,2.47,2.4,72602.64,
2024-05-16,2.44,2.43,2.49,2.43,67273.0,
2024-05-17,2.43,2.4,2.45,2.39,61941.65,
2024-05-20,2.4,2.51,2.52,2.4,109035.42,
2024-05-21,2.5,2.57,2.61,2.47,94468.89,
2024-05-22,2.57,2.58,2.65,2.56,103694.23,
2024-05-23,2.61,2.6,2.62,2.57,109840.0,
2024-05-24,2.6,2.68,2.72,2.59,137602.0,
2024-05-27,2.64,2.59,2.64,2.55,157683.85,
2024-05-28,2.59,2.6,2.69,2.57,125371.0,
2024-05-29,2.61,2.63,2.66,2.6,109612.0,
2024-05-30,2.65,2.62,2.67,2.6,103151.0,
2024-05-31,2.63,2.58,2.64,2.49,155114.69,
2024-06-03,2.55,2.45,2.56,2.45,156318.0,
2024-06-04,2.44,2.44,2.49,2.38,113744.0,
2024-06-05,2.44,2.49,2.55,2.42,102130.62,
2024-06-06,2.48,2.45,2.52,2.39,102210.59,
2024-06-07,2.45,2.57,2.57,2.45,186273.0,
2024-06-12,2.63,2.54,2.72,2.53,443163.0,
2024-06-13,2.52,2.59,2.65,2.46,198307.95,
2024-06-14,2.54,2.48,2.56,2.47,134404.0,
2024-06-17,2.43,2.37,2.46,2.35,179286.23,
2024-06-18,2.36,2.38,2.39,2.33,93445.64,
2024-06-19,2.36,2.3,2.37,2.29,82282.65,
2024-06-20,2.3,2.22,2.33,2.2,120381.02,
2024-06-21,2.23,2.29,2.34,2.22,110092.29,
2024-06-24,2.27,2.19,2.27,2.16,119532.28,
2024-06-25,2.18,2.13,2.21,2.12,78670.0,
2024-06-26,2.14,2.15,2.17,2.05,63588.67,
2024-06-27,2.14,2.17,2.22,2.13,81651.0,
2024-06-28,2.16,2.11,2.18,2.11,66525.0,
2024-07-01,2.11,2.11,2.12,2.06,76944.0,
2024-07-02,2.11,2.1,2.18,2.08,62159.72,
2024-07-03,2.09,2.06,2.1,2.06,60174.0,
2024-07-04,2.07,2.0,2.08,1.97,125515.0,
2024-07-05,2.0,2.13,2.13,1.98,137604.0,
2024-07-08,2.07,2.04,2.1,2.04,82363.0,
2024-07-09,2.02,2.03,2.05,1.98,69014.0,
2024-07-10,2.02,1.91,2.02,1.85,154882.07,
2024-07-11,1.91,1.95,1.98,1.91,80535.0,
2024-07-12,1.94,1.97,2.03,1.94,57543.0,
2024-07-15,1.98,1.94,2.0,1.92,50442.0,
2024-07-16,1.93,1.9,1.94,1.88,59033.0,
2024-07-17,1.9,1.85,1.9,1.83,82004.0,
2024-07-18,1.84,1.85,1.87,1.79,68443.0,
2024-07-19,1.84,1.85,1.88,1.84,40553.0,
2024-07-22,1.85,1.92,1.94,1.83,88269.0,
2024-07-23,1.94,1.87,1.95,1.86,63771.0,
2024-07-24,1.87,1.81,1.87,1.81,50337.0,
2024-07-25,1.81,1.81,1.84,1.78,42299.0,
2024-07-26,1.8,1.84,1.85,1.8,46564.19,
2024-07-29,1.84,1.85,1.87,1.82,43962.0,
2024-07-30,1.85,1.86,1.88,1.84,60346.0,
2024-07-31,1.87,1.91,1.92,1.86,54559.07,
2024-08-01,1.92,2.1,2.1,1.91,171586.0,
2024-08-02,2.12,2.2,2.3,2.04,371811.17,
2024-08-05,2.16,2.11,2.17,2.09,215527.02,
2024-08-06,2.12,2.14,2.15,2.06,130016.77,
2024-08-07,2.15,2.1,2.16,2.09,78848.0,
2024-08-08,2.1,2.16,2.16,2.09,106609.0,
2024-08-09,2.16,2.12,2.18,2.1,71735.0,
2024-08-12,2.15,2.19,2.26,2.14,178228.64,
2024-08-13,2.16,2.14,2.2,2.11,97774.0,
2024-08-14,2.13,2.09,2.15,2.09,73215.02,
2024-08-15,2.09,2.09,2.12,2.07,67119.0,
2024-08-16,2.08,2.16,2.18,2.08,117269.77,
2024-08-19,2.17,2.22,2.24,2.12,165753.02,
2024-08-20,2.19,2.15,2.21,2.12,97692.0,
2024-08-21,2.12,2.11,2.16,2.1,69381.0,
2024-08-22,2.11,2.03,2.12,2.02,74248.0,
2024-08-23,2.03,1.97,2.05,1.96,66566.0,
2024-08-26,1.98,1.98,2.02,1.96,50228.0,
2024-08-27,1.98,1.98,2.05,1.96,47293.0,
2024-08-28,1.95,1.98,1.99,1.94,50420.0,
2024-08-29,1.99,2.02,2.02,1.95,40535.0,
2024-08-30,2.01,2.04,2.06,2.0,56920.0,
2024-09-02,2.03,1.97,2.05,1.97,52703.0,
2024-09-03,1.95,1.95,1.99,1.94,49010.02,
2024-09-04,1.94,1.87,1.95,1.86,89460.0,
2024-09-05,1.88,1.92,1.94,1.87,66053.86,
2024-09-06,1.92,1.88,1.97,1.88,42867.0,
2024-09-09,1.88,1.9,1.92,1.86,57595.65,
2024-09-10,1.9,1.88,1.92,1.85,49347.0,
2024-09-11,1.89,1.83,1.89,1.82,55043.0,
2024-09-12,1.83,1.83,1.87,1.83,45826.0,
2024-09-13,1.84,1.83,1.85,1.81,44320.0,
2024-09-18,1.82,1.81,1.85,1.76,70561.0,
2024-09-19,1.82,1.85,1.86,1.81,72824.0,
2024-09-20,1.88,1.84,1.88,1.83,61369.0,
2024-09-23,1.85,1.89,1.98,1.83,128365.0,
2024-09-24,1.87,1.93,1.93,1.87,113879.96,
2024-09-25,1.95,1.95,2.0,1.93,126869.44,
2024-09-26,1.95,2.0,2.01,1.94,105371.34,
2024-09-27,2.03,2.1,2.13,2.01,196519.19,
2024-09-30,2.15,2.26,2.3,2.12,314857.39,
2024-10-08,2.48,2.25,2.48,2.17,581366.99,
2024-10-09,2.21,2.03,2.21,2.03,327660.2,
2024-10-10,2.02,2.0,2.08,1.97,219327.0,
2024-10-11,2.0,1.96,2.03,1.93,174171.65,
2024-10-14,1.96,2.01,2.04,1.95,181874.0,
2024-10-15,2.01,1.98,2.01,1.97,119558.0,
2024-10-16,1.97,2.01,2.01,1.97,106677.02,
2024-10-17,2.02,1.96,2.02,1.96,128986.0,
2024-10-18,1.96,1.99,2.0,1.93,147130.06,
2024-10-21,1.99,1.96,2.01,1.95,170132.8,
2024-10-22,1.96,2.16,2.16,1.96,313916.04,
2024-10-23,2.38,2.38,2.38,2.26,484446.87,
2024-10-24,2.6,2.3,2.6,2.26,987403.33,
2024-10-25,2.3,2.44,2.47,2.29,727601.56,
2024-10-28,2.39,2.46,2.56,2.34,610313.2,
2024-10-29,2.44,2.49,2.55,2.38,540149.2,
2024-10-30,2.47,2.56,2.7,2.46,570494.87,
2024-10-31,2.54,2.56,2.65,2.51,472416.0,
2024-11-01,2.53,2.41,2.58,2.41,480536.0,
2024-11-04,2.4,2.41,2.45,2.38,261207.58,
2024-11-05,2.41,2.48,2.53,2.39,279136.01,
2024-11-06,2.47,2.73,2.73,2.47,561146.71,
2024-11-07,3.0,3.0,3.0,2.86,465617.46,
2024-11-08,3.3,3.3,3.3,3.08,1727728.69,
2024-11-11,3.3,3.3,3.53,3.16,1972911.71,
2024-11-12,3.15,2.97,3.24,2.97,1155021.25,
2024-11-13,2.87,3.0,3.11,2.86,1068946.24,
2024-11-14,2.93,2.88,3.01,2.85,559951.0,
2024-11-15,2.86,2.79,2.95,2.77,413673.0,
2024-11-18,2.78,2.99,3.07,2.65,1036973.54,
2024-11-19,2.88,2.96,2.97,2.81,830728.7,
2024-11-20,2.95,3.14,3.19,2.91,843881.2,
2024-11-21,3.12,3.15,3.21,3.03,663291.0,
2024-11-22,3.12,3.05,3.36,3.04,944501.0,
2024-11-25,3.05,3.36,3.36,2.93,635919.0,
2024-11-26,3.54,3.26,3.64,3.21,1631666.91,
2024-11-27,3.05,3.59,3.59,3.05,1172655.8,
2024-11-28,3.79,3.7,3.95,3.66,2305941.93,
2024-11-29,3.33,3.51,3.89,3.33,1779334.0,
2024-12-02,3.38,3.49,3.57,3.38,1070621.52,
2024-12-03,3.51,3.58,3.83,3.41,1174570.0,
2024-12-04,3.52,3.34,3.53,3.32,848423.49,
2024-12-05,3.32,3.36,3.41,3.3,495092.54,
2024-12-06,3.34,3.39,3.45,3.3,510413.0,
2024-12-09,3.47,3.73,3.73,3.45,869101.39,
2024-12-10,3.96,4.1,4.1,3.79,2374780.37,
2024-12-11,4.06,4.0,4.33,3.95,2262043.83,
2024-12-12,4.03,4.02,4.12,3.88,1562719.82,
2024-12-13,3.92,3.81,3.98,3.8,1045584.1,
2024-12-16,3.82,4.19,4.19,3.79,1074628.28,
2024-12-17,4.26,3.78,4.26,3.77,1413267.0,
2024-12-18,3.8,3.75,3.86,3.65,666043.88,
2024-12-19,3.73,3.58,3.74,3.5,652344.99,
2024-12-20,3.59,3.57,3.7,3.53,494578.0,
2024-12-23,3.6,3.24,3.6,3.21,698727.02,
2024-12-24,3.3,3.19,3.35,3.09,438236.01,
2024-12-25,3.19,3.07,3.19,2.97,471775.23,
2024-12-26,3.07,3.08,3.15,3.05,292546.0,
2024-12-27,3.06,3.1,3.15,3.04,306178.34,
2024-12-30,3.1,2.96,3.12,2.95,308774.99,
2024-12-31,2.96,2.89,2.99,2.86,315734.34,
2025-01-02,2.88,2.84,2.95,2.82,326893.0,
2025-01-03,2.85,2.6,2.89,2.58,444059.0,
2025-01-06,2.56,2.52,2.58,2.45,400810.0,
2025-01-07,2.52,2.6,2.6,2.48,320055.0,
2025-01-08,2.62,2.65,2.73,2.54,620975.03,
2025-01-09,2.62,2.64,2.65,2.58,327693.0,
2025-01-10,2.64,2.51,2.68,2.51,296580.0,
2025-01-13,2.45,2.48,2.51,2.41,279794.0,
2025-01-14,2.48,2.64,2.64,2.48,363249.0,
2025-01-15,2.64,2.66,2.72,2.59,434598.02,
2025-01-16,2.68,2.69,2.78,2.65,340478.02,
2025-01-17,2.67,2.61,2.68,2.61,244604.0,
2025-01-20,2.64,2.62,2.66,2.57,230601.0,
2025-01-21,2.63,2.57,2.66,2.53,247454.0,
2025-01-22,2.51,2.46,2.54,2.43,283541.0,
2025-01-23,2.49,2.38,2.51,2.38,441676.03,
2025-01-24,2.36,2.41,2.43,2.3,308861.8,
2025-01-27,2.47,2.39,2.49,2.39,238615.0,
2025-02-05,2.42,2.41,2.45,2.39,216838.17,
2025-02-06,2.4,2.47,2.47,2.36,322474.08,
2025-02-07,2.5,2.52,2.58,2.49,400303.81,
2025-02-10,2.52,2.44,2.54,2.35,1662822.42,
2025-02-11,2.44,2.55,2.67,2.35,2113629.66,
2025-02-12,2.5,2.68,2.77,2.45,2054384.26,
2025-02-13,2.7,2.66,2.82,2.62,1720345.58,
2025-02-14,2.64,2.63,2.7,2.58,1073944.92,
2025-02-17,2.62,2.7,2.74,2.61,970311.95,
2025-02-18,2.69,2.54,2.69,2.53,834711.0,
2025-02-19,2.54,2.56,2.58,2.52,551233.03,
2025-02-20,2.54,2.51,2.56,2.5,566504.13,
2025-02-21,2.49,2.54,2.59,2.48,761868.44,
2025-02-24,2.53,2.69,2.75,2.52,1466690.13,
2025-02-25,2.64,2.62,2.66,2.58,792138.39,
2025-02-26,2.6,2.58,2.64,2.56,704124.65,
2025-02-27,2.57,2.57,2.63,2.52,566863.2,
2025-02-28,2.56,2.49,2.58,2.48,517385.02,
2025-03-03,2.5,2.44,2.52,2.43,433812.0,
2025-03-04,2.43,2.46,2.47,2.41,333654.49,
2025-03-05,2.45,2.43,2.46,2.38,421152.0,
2025-03-06,2.41,2.44,2.46,2.38,537938.0,
2025-03-07,2.43,2.36,2.43,2.35,537823.0,
2025-03-10,2.37,2.38,2.41,2.37,284273.54,
2025-03-11,2.36,2.4,2.42,2.33,331625.0,
2025-03-12,2.42,2.44,2.45,2.39,473843.58,
2025-03-13,2.43,2.68,2.68,2.36,1472957.71,
2025-03-14,2.95,2.95,2.95,2.95,555110.75,
2025-03-17,3.25,3.25,3.25,3.25,177277.17,
2025-03-18,3.49,3.58,3.58,3.37,5703484.06,
2025-03-19,3.4,3.25,3.57,3.22,4239600.91,
2025-03-20,3.12,3.43,3.55,3.05,3847731.28,
2025-03-21,3.43,3.76,3.77,3.38,4725647.22,
2025-03-24,3.65,3.51,3.72,3.38,3802125.92,
2025-03-25,3.37,3.2,3.37,3.16,2475041.76,
2025-03-26,3.1,3.25,3.38,3.06,1969487.67,
2025-03-27,3.15,2.94,3.16,2.94,2002101.9,
2025-03-28,2.92,2.92,3.0,2.91,1225697.55,
2025-03-31,2.88,2.76,2.9,2.71,1437122.95,
2025-04-01,2.79,2.73,2.81,2.72,977233.44,
2025-04-02,2.73,2.67,2.74,2.66,839237.05,
2025-04-03,2.64,2.65,2.71,2.62,711356.55,
2025-04-07,2.5,2.39,2.56,2.39,977186.97,
2025-04-08,2.37,2.63,2.63,2.36,1030320.23,
2025-04-09,2.68,2.7,2.73,2.54,2005361.0,
2025-04-10,2.66,2.71,2.83,2.66,1672299.56,
2025-04-11,2.67,2.66,2.71,2.63,939737.7,
2025-04-14,2.7,2.75,2.78,2.69,987606.0,
2025-04-15,2.74,2.68,2.75,2.66,641074.56,
2025-04-16,2.68,2.59,2.69,2.55,715274.0,
2025-04-17,2.59,2.58,2.62,2.55,468312.39,
2025-04-18,2.62,2.63,2.69,2.57,1142487.13,
2025-04-21,2.6,2.62,2.63,2.55,798864.56,
2025-04-22,2.62,2.64,2.69,2.57,1040848.57,
2025-04-23,2.64,2.65,2.7,2.57,1021104.56,
2025-04-24,2.63,2.56,2.67,2.56,719284.0,
2025-04-25,2.55,2.51,2.59,2.51,607962.85,
2025-04-28,2.48,2.45,2.51,2.45,481758.0,
2025-04-29,2.46,2.51,2.51,2.43,512001.48,
2025-04-30,2.5,2.53,2.58,2.49,485076.0,
2025-05-06,2.53,2.61,2.61,2.53,523877.0,
2025-05-07,2.63,2.73,2.79,2.58,1363208.0,
2025-05-08,2.7,2.7,2.73,2.64,817322.22,
2025-05-09,2.71,2.64,2.84,2.62,619657.95,
2025-05-12,2.6,2.6,2.63,2.58,628685.66,
2025-05-13,2.62,2.86,2.86,2.61,797361.84,
2025-05-14,2.84,2.8,2.92,2.75,2026750.07,
2025-05-15,2.78,2.87,2.93,2.77,1806898.96,
2025-05-16,2.83,2.81,2.83,2.74,1039878.21,
2025-05-19,2.8,2.8,2.81,2.74,698424.92,
2025-05-20,2.8,2.83,2.89,2.78,891244.52,
2025-05-21,2.81,2.75,2.82,2.72,668916.24,
2025-05-22,2.73,2.69,2.77,2.68,498669.0,
2025-05-23,2.68,2.64,2.73,2.63,517618.0,
2025-05-26,2.66,2.67,2.69,2.61,383799.02,
2025-05-27,2.66,2.68,2.7,2.63,507767.31,
2025-05-28,2.66,2.74,2.8,2.63,1041909.31,
2025-05-29,2.71,2.76,2.79,2.67,821627.21,
2025-05-30,2.75,2.7,2.78,2.69,483534.76,
2025-06-03,2.69,2.7,2.76,2.66,437004.96,
2025-06-04,2.71,2.82,2.85,2.69,1189333.14,
2025-06-05,2.82,2.76,2.88,2.75,794389.0,
2025-06-06,2.76,2.74,2.82,2.72,489702.5,
2025-06-09,2.75,2.8,2.84,2.74,878581.26,
2025-06-10,2.8,2.77,2.95,2.7,1137287.0,
2025-06-11,2.77,2.81,2.86,2.76,1064080.17,
2025-06-12,2.78,2.79,2.86,2.75,811544.44,
2025-06-13,2.79,2.67,2.79,2.66,883037.0,
2025-06-16,2.65,2.68,2.68,2.61,374659.14,
2025-06-17,2.68,2.67,2.69,2.65,314093.98,
2025-06-18,2.66,2.64,2.66,2.62,277910.0,
2025-06-19,2.63,2.55,2.64,2.54,520679.0,
2025-06-20,2.54,2.54,2.58,2.52,312605.16,
2025-06-23,2.53,2.59,2.61,2.5,395620.04,
2025-06-24,2.62,2.62,2.62,2.58,336187.0,
2025-06-25,2.62,2.64,2.64,2.6,424850.0,
2025-06-26,2.63,2.9,2.9,2.63,2413171.84,
2025-06-27,2.8,2.8,2.87,2.76,2137437.6,
2025-06-30,2.84,2.83,2.85,2.77,1130180.56,
2025-07-01,2.82,2.83,2.84,2.79,824419.53,
2025-07-02,3.11,3.11,3.11,3.11,529621.91,
2025-07-03,3.42,3.07,3.42,3.04,3805673.0,
2025-07-04,2.96,2.87,3.03,2.86,2214228.87,
2025-07-07,2.86,2.85,2.9,2.8,1019802.6,
2025-07-08,2.86,2.86,2.87,2.81,1003737.68,
2025-07-09,2.84,2.83,2.88,2.82,924195.5,
2025-07-10,2.84,2.86,2.89,2.83,738683.04,
2025-07-11,2.87,2.84,2.87,2.81,656162.91,
2025-07-14,2.84,2.79,2.84,2.77,845375.0,
2025-07-15,2.82,3.07,3.07,2.81,3911251.09,
2025-07-16,2.96,2.94,2.99,2.9,2514899.24,
2025-07-17,2.95,2.98,3.04,2.94,1589847.71,
2025-07-18,3.0,2.99,3.02,2.96,1003448.12,
2025-07-21,2.99,3.01,3.01,2.94,961651.99,
2025-07-22,2.99,2.95,3.01,2.93,989795.45,
2025-07-23,2.95,2.9,2.97,2.89,798906.0,
2025-07-24,2.9,2.96,2.98,2.89,861144.02,
2025-07-25,2.96,2.93,3.02,2.92,950819.98,
2025-07-28,2.93,2.95,3.04,2.92,984960.0,
2025-07-29,2.93,2.91,2.94,2.86,879406.02,
2025-07-30,2.91,2.94,3.01,2.88,1144203.0,
2025-07-31,2.91,2.84,2.92,2.83,916423.14,
2025-08-01,2.83,2.85,2.86,2.82,382878.54,
2025-08-04,2.83,2.86,2.87,2.8,359283.43,
2025-08-05,2.86,2.88,2.92,2.85,488542.73,
2025-08-06,2.87,2.88,2.91,2.85,502353.0,
2025-08-07,2.87,2.86,2.9,2.85,556216.11,
2025-08-08,2.87,2.85,2.87,2.83,452541.0,
2025-08-11,2.84,2.86,2.86,2.82,422442.0,
2025-08-12,2.85,2.85,2.9,2.83,646514.0,
2025-08-13,2.85,2.82,2.85,2.81,573090.02,
2025-08-14,2.83,2.85,2.89,2.77,1058380.0,
2025-08-15,2.82,2.92,2.99,2.79,1357623.0,
2025-08-18,2.91,2.95,2.97,2.9,1223741.86,
2025-08-19,2.94,2.92,2.96,2.9,784071.0,
2025-08-20,2.97,2.94,2.99,2.91,798027.13,
2025-08-21,2.92,2.9,2.95,2.88,871890.57,
2025-08-22,2.9,2.87,2.9,2.85,702223.38,
2025-08-25,2.88,2.86,2.88,2.84,716139.79,
2025-08-26,2.85,2.88,2.89,2.84,637699.0,
2025-08-27,2.88,2.79,2.88,2.78,862589.97,244324.261
2025-08-28,2.78,2.77,2.81,2.68,699329.38,192353.005
2025-08-29,2.77,2.79,2.83,2.74,510205.04,141917.376
2025-09-01,2.77,2.79,2.81,2.74,461537.0,128058.012
2025-09-02,2.78,2.77,2.82,2.76,493491.6,137486.364
2025-09-03,2.78,2.71,2.78,2.7,466400.99,127594.12
2025-09-04,2.7,2.73,2.75,2.68,530609.44,144581.672
2025-09-05,2.72,2.75,2.76,2.67,493561.18,134220.177
2025-09-08,2.75,2.76,2.78,2.74,344788.0,95115.612
2025-09-09,2.76,2.73,2.77,2.72,310889.0,85192.778
2025-09-10,2.72,2.73,2.75,2.71,267801.0,73216.51
2025-09-11,2.73,2.75,2.75,2.71,363100.59,99042.269
2025-09-12,2.74,2.78,2.8,2.74,631373.32,174974.241
2025-09-15,2.79,2.83,2.86,2.77,773042.53,217487.05
2025-09-16,2.82,2.85,2.85,2.79,757600.4,214779.118
2025-09-17,2.86,2.82,2.87,2.79,885191.0,248795.244
2025-09-18,2.81,2.76,2.85,2.73,928341.02,260464.38
2025-09-19,2.76,2.7,2.77,2.68,623565.0,168773.114
2025-09-22,2.7,2.67,2.71,2.64,402812.86,106974.615
2025-09-23,2.65,2.6,2.66,2.56,533999.84,138452.871
2025-09-24,2.62,2.64,2.64,2.59,286153.0,74857.607
2025-09-25,2.63,2.61,2.63,2.6,241958.73,63166.812
2025-09-26,2.6,2.59,2.63,2.58,263029.73,68548.473
2025-09-29,2.58,2.6,2.6,2.53,324408.5,83363.338
2025-09-30,2.6,2.59,2.6,2.58,184620.4,47836.028
2025-10-09,2.59,2.62,2.62,2.58,380793.11,99115.898
2025-10-10,2.61,2.64,2.66,2.6,418497.23,110346.94
2025-10-13,2.56,2.6,2.61,2.53,345366.45,89074.015
2025-10-14,2.59,2.6,2.63,2.58,410561.7,106903.28
2025-10-15,2.59,2.62,2.62,2.57,317904.23,82555.478
2025-10-16,2.61,2.6,2.65,2.57,520870.7,135402.294
2025-10-17,2.59,2.57,2.6,2.54,369654.0,94899.771
2025-10-20,2.57,2.62,2.62,2.55,470024.0,121468.16
2025-10-21,2.61,2.65,2.66,2.59,544808.32,143425.406
2025-10-22,2.64,2.64,2.67,2.61,440886.04,116777.74
2025-10-23,2.63,2.65,2.65,2.6,356816.04,93536.343
2025-10-24,2.65,2.67,2.76,2.63,894451.97,239766.07
2025-10-27,2.63,2.62,2.65,2.61,562751.0,147849.797
2025-10-28,2.61,2.61,2.64,2.61,283905.84,74308.965
2025-10-29,2.61,2.59,2.62,2.58,333107.0,86263.583
