date,open,close,high,low,volume,amount
2022-01-04,4.96,5.01,5.02,4.91,643562.6,
2022-01-05,4.99,4.92,5.04,4.89,449785.08,
2022-01-06,4.9,4.93,4.99,4.88,359727.0,
2022-01-07,4.92,4.94,5.04,4.92,468418.0,
2022-01-10,4.95,4.88,4.97,4.81,269974.5,
2022-01-11,4.9,4.8,4.91,4.8,288524.5,
2022-01-12,4.81,4.86,4.88,4.8,231069.0,
2022-01-13,4.87,4.89,5.01,4.84,445879.43,
2022-01-14,4.86,4.82,4.93,4.81,341296.62,
2022-01-17,4.81,4.87,4.88,4.79,264303.64,
2022-01-18,4.89,4.82,4.89,4.81,221755.47,
2022-01-19,4.81,4.8,4.85,4.77,198658.88,
2022-01-20,4.82,4.75,4.86,4.75,219366.55,
2022-01-21,4.73,4.69,4.75,4.66,174818.0,
2022-01-24,4.7,4.7,4.73,4.67,105334.56,
2022-01-25,4.68,4.65,4.84,4.64,339571.0,
2022-01-26,4.57,4.56,4.62,4.5,247390.53,
2022-01-27,4.55,4.38,4.56,4.38,199962.0,
2022-01-28,4.39,4.49,4.52,4.38,168385.62,
2022-02-07,4.54,4.57,4.59,4.53,120185.5,
2022-02-08,4.56,4.62,4.63,4.54,161220.5,
2022-02-09,4.64,4.66,4.67,4.61,148284.32,
2022-02-10,4.65,4.62,4.66,4.58,140076.5,
2022-02-11,4.61,4.53,4.61,4.52,146516.28,
2022-02-14,4.54,4.65,4.68,4.54,233717.5,
2022-02-15,4.63,4.65,4.67,4.59,130286.01,
2022-02-16,4.62,4.62,4.63,4.6,123068.0,
2022-02-17,4.59,4.68,4.69,4.57,239925.5,
2022-02-18,4.64,4.63,4.65,4.6,175462.5,
2022-02-21,4.61,4.69,4.7,4.61,185395.01,
2022-02-22,4.72,4.67,4.76,4.66,216942.0,
2022-02-23,4.65,4.71,4.71,4.62,211726.24,
2022-02-24,4.71,5.21,5.44,4.67,2262811.45,
2022-02-25,4.9,4.99,5.18,4.86,1151468.84,
2022-02-28,5.03,5.17,5.48,4.93,1340161.87,
2022-03-01,5.09,5.27,5.4,5.07,1301195.59,
2022-03-02,5.23,5.16,5.29,5.08,1049669.63,
2022-03-03,5.11,5.02,5.13,5.01,858267.6,
2022-03-04,4.99,5.12,5.23,4.83,1290880.83,
2022-03-07,5.17,5.07,5.27,5.03,876906.0,
2022-03-08,4.98,4.78,4.99,4.76,739765.5,
2022-03-09,4.76,4.67,4.81,4.45,595734.5,
2022-03-10,4.71,4.7,4.81,4.66,475391.53,
2022-03-11,4.74,4.87,4.94,4.7,740858.25,
2022-03-14,4.74,4.77,4.97,4.7,565409.54,
2022-03-15,4.7,4.45,4.78,4.45,575536.5,
2022-03-16,4.49,4.54,4.56,4.3,468907.36,
2022-03-17,4.57,4.55,4.65,4.54,438052.02,
2022-03-18,4.68,4.83,5.0,4.62,785976.04,
2022-03-21,4.8,4.79,4.86,4.72,496384.6,
2022-03-22,4.79,4.74,4.86,4.71,348865.1,
2022-03-23,4.73,4.71,4.8,4.69,337109.94,
2022-03-24,4.68,4.6,4.69,4.57,334027.34,
2022-03-25,4.62,4.54,4.64,4.54,244403.0,
2022-03-28,4.49,4.56,4.56,4.44,221257.92,
2022-03-29,4.56,4.61,4.62,4.48,338273.12,
2022-03-30,4.62,4.59,4.65,4.55,206972.39,
2022-03-31,4.57,4.5,4.58,4.49,244880.19,
2022-04-01,4.49,4.49,4.53,4.47,172231.0,
2022-04-06,4.49,4.53,4.54,4.47,177630.5,
2022-04-07,4.51,4.57,4.72,4.49,417014.35,
2022-04-08,4.54,4.47,4.57,4.38,286760.88,
2022-04-11,4.43,4.35,4.45,4.3,240965.5,
2022-04-12,4.34,4.51,4.61,4.31,380360.79,
2022-04-13,4.45,4.42,4.55,4.41,258054.5,
2022-04-14,4.35,4.29,4.37,4.22,367639.0,
2022-04-15,4.25,4.33,4.4,4.21,346910.0,
2022-04-18,4.3,4.3,4.32,4.23,181764.0,
2022-04-19,4.29,4.33,4.38,4.28,179425.18,
2022-04-20,4.32,4.25,4.34,4.24,158710.0,
2022-04-21,4.25,4.03,4.29,4.0,256803.86,
2022-04-22,3.98,4.0,4.06,3.88,213534.5,
2022-04-25,3.95,3.56,3.95,3.56,321498.29,
2022-04-26,3.57,3.41,3.65,3.37,276066.66,
2022-04-27,3.35,3.58,3.59,3.29,337437.42,
2022-04-28,3.53,3.51,3.6,3.46,208134.8,
2022-04-29,3.56,3.69,3.74,3.55,287423.6,
2022-05-05,3.7,3.75,3.83,3.65,268445.13,
2022-05-06,3.67,3.69,3.75,3.64,179244.86,
2022-05-09,3.75,3.83,3.97,3.75,331272.86,
2022-05-10,3.78,3.88,3.9,3.76,264909.35,
2022-05-11,3.9,3.83,3.96,3.82,272995.48,
2022-05-12,3.79,3.86,3.91,3.78,176207.0,
2022-05-13,3.87,3.86,3.9,3.81,113154.0,
2022-05-16,3.86,3.84,3.91,3.82,148109.69,
2022-05-17,3.83,3.81,3.85,3.75,125744.86,
2022-05-18,3.79,3.86,3.92,3.79,181477.68,
2022-05-19,3.8,3.87,3.88,3.78,160505.06,
2022-05-20,3.87,3.89,3.92,3.86,174987.64,
2022-05-23,3.89,4.01,4.07,3.88,418181.16,
2022-05-24,4.03,4.09,4.36,3.97,884410.25,
2022-05-25,4.01,4.14,4.19,4.01,499272.36,
2022-05-26,4.06,4.19,4.28,4.06,559922.31,
2022-05-27,4.15,4.08,4.18,4.04,418259.87,
2022-05-30,4.08,4.1,4.12,4.03,270142.19,
2022-05-31,4.1,4.07,4.1,4.01,234719.4,
2022-06-01,4.07,4.12,4.15,4.04,281027.18,
2022-06-02,4.08,4.1,4.11,4.04,234895.22,
2022-06-06,4.08,4.1,4.12,4.07,211837.5,
2022-06-07,4.11,4.07,4.13,4.03,210228.59,
2022-06-08,4.08,4.04,4.08,3.94,259958.0,
2022-06-09,4.05,3.93,4.05,3.9,221258.0,
2022-06-10,3.92,4.0,4.02,3.9,184974.91,
2022-06-13,3.98,4.06,4.09,3.98,210935.6,
2022-06-14,4.02,4.03,4.05,3.93,198583.0,
2022-06-15,4.04,4.09,4.24,4.02,533614.72,
2022-06-16,4.07,4.07,4.11,4.04,299903.0,
2022-06-17,4.03,4.05,4.11,3.99,277362.0,
2022-06-20,4.02,4.07,4.1,4.01,225620.0,
2022-06-21,4.19,4.13,4.25,4.08,420706.33,
2022-06-22,4.12,4.05,4.15,4.05,248387.5,
2022-06-23,4.03,4.17,4.19,4.01,416556.55,
2022-06-24,4.22,4.15,4.22,4.14,295094.67,
2022-06-27,4.16,4.14,4.19,4.11,225093.5,
2022-06-28,4.14,4.2,4.22,4.12,322271.53,
2022-06-29,4.19,4.07,4.2,4.07,287915.0,
2022-06-30,4.09,4.08,4.11,4.04,198060.0,
2022-07-01,4.06,4.08,4.11,4.04,157418.5,
2022-07-04,4.07,4.1,4.12,4.03,177549.94,
2022-07-05,4.12,4.05,4.12,4.01,207829.0,
2022-07-06,4.04,3.97,4.06,3.95,189252.0,
2022-07-07,3.98,4.05,4.07,3.97,185800.0,
2022-07-08,4.04,4.09,4.14,4.02,244791.0,
2022-07-11,4.06,4.01,4.07,3.98,169526.33,
2022-07-12,4.03,4.0,4.07,3.99,145908.79,
2022-07-13,4.01,4.1,4.14,3.99,299993.85,
2022-07-14,4.09,4.16,4.25,4.06,464959.4,
2022-07-15,4.12,4.01,4.16,4.01,325330.6,
2022-07-18,4.02,4.17,4.18,4.02,329260.6,
2022-07-19,4.17,4.21,4.23,4.13,398934.0,
2022-07-20,4.21,4.46,4.59,4.18,1216509.28,
2022-07-21,4.41,4.31,4.48,4.3,682787.9,
2022-07-22,4.31,4.34,4.38,4.29,518766.46,
2022-07-25,4.35,4.35,4.4,4.26,446923.04,
2022-07-26,4.33,4.32,4.35,4.26,249272.04,
2022-07-27,4.31,4.39,4.49,4.29,479114.74,
2022-07-28,4.37,4.42,4.44,4.35,376420.05,
2022-07-29,4.41,4.37,4.42,4.35,279047.0,
2022-08-01,4.43,4.44,4.6,4.42,538693.0,
2022-08-02,4.6,5.11,5.28,4.6,3012223.71,
2022-08-03,4.73,5.04,5.49,4.63,3198930.39,
2022-08-04,4.9,4.7,4.95,4.63,1746847.93,
2022-08-05,4.66,4.55,4.72,4.44,1317470.9,
2022-08-08,4.47,4.52,4.59,4.41,802755.88,
2022-08-09,4.49,4.55,4.59,4.44,866882.38,
2022-08-10,4.51,4.52,4.58,4.46,663618.04,
2022-08-11,4.47,4.53,4.59,4.47,810021.91,
2022-08-12,4.5,4.38,4.5,4.37,895386.9,
2022-08-15,4.38,4.45,4.46,4.36,455473.9,
2022-08-16,4.42,4.48,4.52,4.41,491380.69,
2022-08-17,4.48,4.59,4.65,4.44,900556.15,
2022-08-18,4.57,4.54,4.67,4.53,736610.76,
2022-08-19,4.57,4.5,4.64,4.48,548662.06,
2022-08-22,4.46,4.47,4.52,4.41,413070.81,
2022-08-23,4.45,4.42,4.47,4.36,481200.59,
2022-08-24,4.42,4.24,4.44,4.23,465256.5,
2022-08-25,4.26,4.28,4.35,4.24,331607.0,
2022-08-26,4.29,4.36,4.4,4.29,446579.39,
2022-08-29,4.33,4.48,4.53,4.29,530667.74,
2022-08-30,4.45,4.39,4.49,4.36,340462.0,
2022-08-31,4.37,4.26,4.42,4.22,346685.75,
2022-09-01,4.28,4.27,4.36,4.25,300108.11,
2022-09-02,4.27,4.34,4.4,4.24,374040.0,
2022-09-05,4.36,4.46,4.48,4.36,454202.84,
2022-09-06,4.48,4.63,4.66,4.47,919934.28,
2022-09-07,4.58,4.55,4.61,4.53,497305.0,
2022-09-08,4.57,4.59,4.65,4.56,481856.08,
2022-09-09,4.6,4.52,4.62,4.49,344073.67,
2022-09-13,4.53,4.48,4.56,4.45,329556.0,
2022-09-14,4.4,4.49,4.51,4.36,377372.0,
2022-09-15,4.48,4.3,4.48,4.27,475246.56,
2022-09-16,4.32,4.17,4.34,4.17,316762.5,
2022-09-19,4.17,4.06,4.19,4.03,274634.2,
2022-09-20,4.09,4.16,4.23,4.09,233051.5,
2022-09-21,4.15,4.18,4.2,4.08,219673.5,
2022-09-22,4.15,4.33,4.41,4.14,518271.5,
2022-09-23,4.28,4.28,4.49,4.26,471592.5,
2022-09-26,4.24,4.07,4.24,4.06,375440.67,
2022-09-27,4.05,4.1,4.12,4.01,276993.2,
2022-09-28,4.06,3.94,4.17,3.93,331202.66,
2022-09-29,3.98,3.86,4.0,3.85,275119.87,
2022-09-30,3.86,3.85,3.91,3.83,187126.0,
2022-10-10,3.9,3.78,3.93,3.77,211634.46,
2022-10-11,3.79,3.77,3.81,3.69,189176.0,
2022-10-12,3.76,3.85,3.85,3.69,217664.5,
2022-10-13,3.85,3.87,3.89,3.79,230223.18,
2022-10-14,3.87,3.93,3.95,3.86,265816.3,
2022-10-17,3.92,4.07,4.08,3.9,408013.45,
2022-10-18,4.06,4.01,4.08,4.0,260737.66,
2022-10-19,4.0,4.01,4.08,3.98,239368.3,
2022-10-20,3.98,4.02,4.05,3.95,227254.19,
2022-10-21,4.0,4.08,4.14,3.99,325368.04,
2022-10-24,4.09,4.08,4.16,4.06,393446.82,
2022-10-25,4.06,4.18,4.3,4.02,615778.87,
2022-10-26,4.24,4.26,4.27,4.14,505471.05,
2022-10-27,4.22,4.16,4.25,4.15,340531.7,
2022-10-28,4.16,4.02,4.19,4.0,345880.36,
2022-10-31,4.04,4.17,4.2,4.02,387631.92,
2022-11-01,4.2,4.2,4.22,4.14,283941.45,
2022-11-02,4.21,4.23,4.26,4.17,297750.03,
2022-11-03,4.2,4.27,4.3,4.18,377860.18,
2022-11-04,4.3,4.27,4.3,4.24,350793.0,
2022-11-07,4.27,4.28,4.31,4.25,277400.0,
2022-11-08,4.28,4.27,4.32,4.22,277927.02,
2022-11-09,4.39,4.3,4.43,4.29,530428.55,
2022-11-10,4.23,4.21,4.28,4.2,319972.92,
2022-11-11,4.28,4.25,4.31,4.22,318020.54,
2022-11-14,4.23,4.2,4.27,4.18,242882.55,
2022-11-15,4.23,4.31,4.32,4.22,326700.2,
2022-11-16,4.3,4.36,4.41,4.3,365850.36,
2022-11-17,4.34,4.35,4.36,4.3,251497.0,
2022-11-18,4.37,4.27,4.38,4.27,216660.3,
2022-11-21,4.26,4.33,4.37,4.23,293534.68,
2022-11-22,4.35,4.34,4.43,4.31,435902.92,
2022-11-23,4.31,4.25,4.34,4.21,274873.16,
2022-11-24,4.25,4.18,4.28,4.17,241629.0,
2022-11-25,4.18,4.16,4.2,4.14,166892.06,
2022-11-28,4.18,4.2,4.21,4.07,194109.68,
2022-11-29,4.18,4.24,4.25,4.17,185604.72,
2022-11-30,4.25,4.22,4.25,4.2,178611.92,
2022-12-01,4.25,4.28,4.32,4.23,266758.0,
2022-12-02,4.27,4.29,4.31,4.25,172483.26,
2022-12-05,4.31,4.34,4.35,4.28,275195.63,
2022-12-06,4.35,4.33,4.37,4.3,212339.41,
2022-12-07,4.31,4.29,4.34,4.28,179484.0,
2022-12-08,4.29,4.23,4.3,4.22,164523.29,
2022-12-09,4.24,4.2,4.26,4.18,145496.8,
2022-12-12,4.2,4.22,4.22,4.15,177090.44,
2022-12-13,4.22,4.13,4.22,4.13,204540.9,
2022-12-14,4.14,4.12,4.17,4.11,134687.0,
2022-12-15,4.13,4.14,4.15,4.1,127160.0,
2022-12-16,4.13,4.05,4.13,4.04,189449.13,
2022-12-19,4.05,3.95,4.09,3.93,191504.13,
2022-12-20,3.97,4.05,4.08,3.95,240866.27,
2022-12-21,4.05,3.95,4.07,3.95,204347.72,
2022-12-22,3.97,3.89,4.01,3.86,189548.09,
2022-12-23,3.88,3.86,3.9,3.84,125205.5,
2022-12-26,3.88,3.92,3.93,3.87,116736.0,
2022-12-27,3.93,3.95,4.0,3.91,158371.81,
2022-12-28,3.94,3.92,4.01,3.91,166829.03,
2022-12-29,3.92,3.92,3.98,3.89,155427.99,
2022-12-30,3.94,3.93,3.95,3.92,91612.3,
2023-01-03,3.92,4.02,4.04,3.92,272951.92,
2023-01-04,4.03,4.04,4.05,4.0,175258.72,
2023-01-05,4.05,4.02,4.05,4.0,138001.84,
2023-01-06,4.03,4.01,4.05,4.01,138742.39,
2023-01-09,4.03,4.02,4.04,4.01,124494.68,
2023-01-10,4.01,3.99,4.03,3.97,131375.12,
2023-01-11,3.99,3.94,4.02,3.94,140747.76,
2023-01-12,3.96,3.97,4.06,3.96,169341.32,
2023-01-13,4.0,4.03,4.08,3.95,254167.03,
2023-01-16,4.04,4.08,4.09,4.03,246563.28,
2023-01-17,4.09,4.06,4.1,4.04,150002.92,
2023-01-18,4.06,4.11,4.12,4.05,210349.36,
2023-01-19,4.36,4.49,4.5,4.26,1325875.2,
2023-01-20,4.44,4.37,4.47,4.33,733440.03,
2023-01-30,4.42,4.51,4.55,4.39,792746.01,
2023-01-31,4.48,4.54,4.58,4.46,541709.89,
2023-02-01,4.54,4.72,4.75,4.53,713435.79,
2023-02-02,4.74,4.65,4.74,4.63,534261.77,
2023-02-03,4.64,4.71,4.73,4.61,480742.27,
2023-02-06,4.73,4.69,4.8,4.66,457884.47,
2023-02-07,4.68,4.7,4.73,4.65,360014.19,
2023-02-08,4.71,4.66,4.72,4.62,332164.56,
2023-02-09,4.63,4.9,5.13,4.61,1107763.79,
2023-02-10,4.86,4.83,4.87,4.77,617102.29,
2023-02-13,4.9,4.98,5.08,4.89,874287.5,
2023-02-14,4.96,4.92,4.96,4.89,473835.49,
2023-02-15,4.92,4.93,4.96,4.87,384070.0,
2023-02-16,4.94,4.84,4.97,4.78,543736.48,
2023-02-17,4.83,4.89,4.95,4.77,498821.81,
2023-02-20,4.88,4.85,4.88,4.78,391142.06,
2023-02-21,4.83,4.91,4.94,4.83,396515.6,
2023-02-22,4.86,4.92,4.94,4.85,294240.54,
2023-02-23,4.93,4.89,4.97,4.87,315390.43,
2023-02-24,4.92,4.97,5.12,4.9,1044452.72,
2023-02-27,4.94,4.93,5.09,4.91,659674.42,
2023-02-28,4.9,4.95,4.99,4.88,410035.74,
2023-03-01,4.95,4.9,4.95,4.88,467451.91,
2023-03-02,4.91,4.91,4.97,4.9,361086.96,
2023-03-03,4.89,4.94,5.02,4.82,580848.7,
2023-03-06,4.95,4.95,5.06,4.91,677475.5,
2023-03-07,4.9,4.76,4.91,4.75,757504.19,
2023-03-08,4.75,4.86,4.89,4.74,509329.68,
2023-03-09,4.86,4.82,4.9,4.78,290963.5,
2023-03-10,4.78,4.71,4.81,4.71,293504.96,
2023-03-13,4.87,4.75,4.87,4.65,354053.5,
2023-03-14,4.7,4.67,4.77,4.61,280192.23,
2023-03-15,4.66,4.7,4.74,4.64,270304.76,
2023-03-16,4.66,4.57,4.69,4.55,287856.77,
2023-03-17,4.58,4.63,4.66,4.57,264387.63,
2023-03-20,4.64,4.59,4.69,4.59,285068.33,
2023-03-21,4.65,4.86,4.96,4.64,914977.25,
2023-03-22,4.8,4.75,4.83,4.71,676476.06,
2023-03-23,4.71,4.71,4.74,4.62,632302.05,
2023-03-24,4.69,4.62,4.69,4.58,527885.0,
2023-03-27,4.61,4.6,4.63,4.55,352127.95,
2023-03-28,4.6,4.5,4.62,4.49,358227.77,
2023-03-29,4.49,4.43,4.52,4.41,332132.41,
2023-03-30,4.47,4.43,4.48,4.4,284377.69,
2023-03-31,4.44,4.49,4.51,4.41,296679.73,
2023-04-03,4.45,4.56,4.58,4.44,337594.34,
2023-04-04,4.54,4.58,4.59,4.5,327238.42,
2023-04-06,4.57,4.53,4.57,4.5,252317.79,
2023-04-07,4.54,4.51,4.54,4.48,256373.0,
2023-04-10,4.58,4.51,4.62,4.48,486850.97,
2023-04-11,4.45,4.43,4.46,4.38,353987.86,
2023-04-12,4.44,4.44,4.45,4.4,219829.63,
2023-04-13,4.43,4.39,4.46,4.39,259964.5,
2023-04-14,4.4,4.39,4.43,4.34,218881.06,
2023-04-17,4.38,4.46,4.48,4.36,273558.52,
2023-04-18,4.44,4.4,4.45,4.36,266117.5,
2023-04-19,4.4,4.43,4.43,4.35,237341.18,
2023-04-20,4.45,4.34,4.48,4.3,566638.85,
2023-04-21,4.33,4.44,4.54,4.32,1088011.22,
2023-04-24,4.35,4.48,4.49,4.12,1084739.03,
2023-04-25,4.42,4.25,4.46,4.2,830322.1,
2023-04-26,4.21,4.26,4.39,4.18,679034.72,
2023-04-27,4.26,4.46,4.46,4.19,1033601.76,
2023-04-28,4.4,4.54,4.58,4.33,1080192.62,
2023-05-04,4.5,4.64,4.73,4.47,1325981.74,
2023-05-05,4.6,4.6,4.71,4.56,899971.35,
2023-05-08,4.59,4.86,4.86,4.57,1651177.75,
2023-05-09,4.88,4.65,4.91,4.64,1288761.58,
2023-05-10,4.64,4.59,4.69,4.55,647872.57,
2023-05-11,4.6,4.54,4.61,4.48,514927.78,
2023-05-12,4.55,4.63,4.64,4.49,670247.79,
2023-05-15,4.6,4.8,4.83,4.54,942121.98,
2023-05-16,4.76,4.7,4.86,4.67,847393.3,
2023-05-17,4.68,5.08,5.24,4.64,2483236.44,
2023-05-18,5.0,4.93,5.04,4.87,1544085.33,
2023-05-19,4.89,4.81,4.93,4.79,848383.32,
2023-05-22,4.77,4.78,4.83,4.76,595644.49,
2023-05-23,4.72,4.44,4.73,4.38,1467033.89,
2023-05-24,4.37,4.38,4.47,4.36,609370.35,
2023-05-25,4.35,4.44,4.45,4.32,500598.27,
2023-05-26,4.41,4.39,4.42,4.34,417717.88,
2023-05-29,4.42,4.45,4.51,4.4,504606.74,
2023-05-30,4.43,4.43,4.48,4.37,371178.08,
2023-05-31,4.42,4.49,4.53,4.39,549514.75,
2023-06-01,4.45,4.66,4.68,4.4,1088794.67,
2023-06-02,4.64,4.6,4.75,4.56,756697.79,
2023-06-05,4.63,4.63,4.75,4.61,599995.65,
2023-06-06,4.61,4.48,4.63,4.46,545782.47,
2023-06-07,4.5,4.45,4.51,4.43,353038.28,
2023-06-08,4.44,4.42,4.49,4.39,369997.0,
2023-06-09,4.41,4.51,4.52,4.39,414513.99,
2023-06-12,4.51,4.62,4.68,4.48,661230.82,
2023-06-13,4.61,4.85,4.89,4.58,1339393.98,
2023-06-14,4.84,5.0,5.08,4.81,1649604.25,
2023-06-15,4.99,4.86,5.04,4.83,1255046.79,
2023-06-16,4.91,5.05,5.13,4.9,1656539.66,
2023-06-19,5.01,4.99,5.15,4.95,1129863.75,
2023-06-20,4.98,5.11,5.22,4.93,1825499.58,
2023-06-21,5.16,4.93,5.18,4.87,1203896.92,
2023-06-26,4.94,4.83,5.07,4.8,846026.6,
2023-06-27,4.81,5.15,5.22,4.8,2123936.02,
2023-06-28,5.12,5.07,5.14,4.93,1343686.27,
2023-06-29,5.08,5.08,5.15,5.01,976862.87,
2023-06-30,5.05,5.03,5.13,4.99,849265.58,
2023-07-03,5.03,5.03,5.11,5.0,987000.32,
2023-07-04,4.99,5.01,5.08,4.83,911553.95,
2023-07-05,5.03,4.98,5.06,4.94,775747.87,
2023-07-06,4.97,5.52,5.7,4.95,3629832.8,
2023-07-07,5.45,5.32,5.51,5.21,2332790.41,
2023-07-10,5.37,5.18,5.41,5.14,1434662.91,
2023-07-11,5.24,5.2,5.37,5.17,1367211.62,
2023-07-12,5.17,4.9,5.2,4.9,1747185.61,
2023-07-13,4.92,4.91,4.97,4.88,835410.92,
2023-07-14,4.9,4.93,4.96,4.86,725226.8,
2023-07-17,4.9,4.9,4.95,4.85,578698.68,
2023-07-18,4.89,4.84,4.94,4.83,652229.0,
2023-07-19,4.83,4.81,4.85,4.77,511336.18,
2023-07-20,4.81,4.76,4.87,4.76,569455.76,
2023-07-21,4.74,4.76,4.79,4.72,346814.43,
2023-07-24,4.75,4.84,4.89,4.73,621881.35,
2023-07-25,4.87,4.88,4.89,4.83,587457.12,
2023-07-26,4.87,4.82,4.91,4.8,424958.0,
2023-07-27,4.84,5.05,5.19,4.82,1786223.36,
2023-07-28,5.0,5.02,5.03,4.9,1057071.24,
2023-07-31,5.02,5.15,5.17,5.0,1146657.69,
2023-08-01,5.11,5.06,5.12,5.03,713630.5,
2023-08-02,5.06,4.94,5.07,4.91,688777.85,
2023-08-03,4.91,4.93,4.95,4.87,337047.85,
2023-08-04,4.9,4.94,4.98,4.9,501103.85,
2023-08-07,4.93,4.89,4.95,4.87,407377.48,
2023-08-08,4.87,4.87,4.9,4.8,436097.88,
2023-08-09,4.85,4.91,4.92,4.83,341656.7,
2023-08-10,4.93,5.02,5.04,4.91,682860.99,
2023-08-11,5.01,4.87,5.02,4.85,497931.29,
2023-08-14,4.81,4.93,4.95,4.76,377966.05,
2023-08-15,4.9,4.84,4.94,4.8,331549.68,
2023-08-16,4.83,4.73,4.84,4.72,357775.0,
2023-08-17,4.68,4.82,4.86,4.54,606486.54,
2023-08-18,4.79,4.69,4.82,4.68,385279.02,
2023-08-21,4.72,4.71,4.84,4.69,344761.86,
2023-08-22,4.74,4.79,4.82,4.7,409568.52,
2023-08-23,4.75,4.61,4.75,4.61,369231.76,
2023-08-24,4.63,4.61,4.67,4.58,240363.0,
2023-08-25,4.59,4.65,4.69,4.5,364218.03,
2023-08-28,4.9,4.66,4.96,4.65,604099.82,
2023-08-29,4.62,4.76,4.77,4.62,444226.89,
2023-08-30,4.77,4.74,4.81,4.71,425939.8,
2023-08-31,4.73,4.65,4.74,4.63,332211.32,
2023-09-01,4.65,4.66,4.68,4.63,226160.74,
2023-09-04,4.68,4.75,4.76,4.66,399529.32,
2023-09-05,4.73,4.79,4.84,4.72,542020.69,
2023-09-06,4.76,4.82,4.84,4.73,493117.48,
2023-09-07,4.8,4.67,4.81,4.66,441487.0,
2023-09-08,4.66,4.79,4.83,4.63,586245.07,
2023-09-11,4.78,4.78,4.79,4.69,468187.29,
2023-09-12,4.76,4.73,4.78,4.72,280028.83,
2023-09-13,4.7,4.64,4.72,4.6,352454.83,
2023-09-14,4.64,4.64,4.67,4.62,192272.0,
2023-09-15,4.65,4.63,4.69,4.62,215505.6,
2023-09-18,4.62,4.62,4.63,4.55,199365.13,
2023-09-19,4.6,4.54,4.62,4.53,213660.0,
2023-09-20,4.52,4.44,4.54,4.42,291976.54,
2023-09-21,4.42,4.43,4.5,4.42,177366.07,
2023-09-22,4.43,4.48,4.49,4.4,220795.57,
2023-09-25,4.47,4.43,4.52,4.43,202588.04,
2023-09-26,4.42,4.43,4.48,4.41,174712.81,
2023-09-27,4.42,4.43,4.46,4.41,210074.67,
2023-09-28,4.45,4.51,4.52,4.44,292240.52,
2023-10-09,4.51,4.55,4.58,4.49,292261.09,
2023-10-10,4.54,4.54,4.57,4.5,269476.34,
2023-10-11,4.54,4.5,4.55,4.48,266782.47,
2023-10-12,4.5,4.52,4.52,4.47,230486.03,
2023-10-13,4.51,4.45,4.51,4.43,240923.42,
2023-10-16,4.44,4.51,4.54,4.43,322369.78,
2023-10-17,4.48,4.48,4.54,4.44,260736.22,
2023-10-18,4.48,4.33,4.49,4.32,360254.06,
2023-10-19,4.28,4.28,4.37,4.26,254536.81,
2023-10-20,4.25,4.21,4.3,4.21,228421.69,
2023-10-23,4.21,4.08,4.22,4.06,294947.23,
2023-10-24,4.1,4.13,4.15,4.07,226408.72,
2023-10-25,4.14,4.2,4.23,4.13,254756.0,
2023-10-26,4.17,4.28,4.28,4.13,407669.66,
2023-10-27,4.19,4.29,4.31,4.18,426626.68,
2023-10-30,4.32,4.31,4.35,4.27,389565.34,
2023-10-31,4.31,4.26,4.31,4.23,266561.64,
2023-11-01,4.26,4.25,4.29,4.24,216258.62,
2023-11-02,4.25,4.18,4.27,4.18,241677.5,
2023-11-03,4.19,4.26,4.31,4.19,319725.93,
2023-11-06,4.28,4.33,4.34,4.26,379594.15,
2023-11-07,4.29,4.35,4.36,4.27,370500.33,
2023-11-08,4.36,4.34,4.41,4.31,488426.56,
2023-11-09,4.35,4.28,4.35,4.26,302138.46,
2023-11-10,4.26,4.29,4.31,4.24,225213.56,
2023-11-13,4.29,4.39,4.39,4.27,463536.02,
2023-11-14,4.36,4.39,4.42,4.36,330840.0,
2023-11-15,4.41,4.38,4.42,4.36,273174.89,
2023-11-16,4.39,4.35,4.39,4.34,221088.0,
2023-11-17,4.35,4.37,4.38,4.31,236587.0,
2023-11-20,4.37,4.42,4.43,4.36,305272.5,
2023-11-21,4.42,4.36,4.42,4.35,292795.34,
2023-11-22,4.35,4.28,4.37,4.28,277055.31,
2023-11-23,4.27,4.3,4.3,4.24,243403.09,
2023-11-24,4.29,4.21,4.3,4.19,285098.34,
2023-11-27,4.21,4.2,4.23,4.16,215000.84,
2023-11-28,4.2,4.24,4.26,4.17,187568.48,
2023-11-29,4.23,4.2,4.26,4.19,211145.0,
2023-11-30,4.2,4.25,4.31,4.16,434101.88,
2023-12-01,4.22,4.24,4.25,4.17,295206.0,
2023-12-04,4.22,4.34,4.41,4.22,633885.06,
2023-12-05,4.31,4.19,4.32,4.18,390686.0,
2023-12-06,4.18,4.22,4.24,4.18,183768.66,
2023-12-07,4.21,4.18,4.21,4.15,226305.66,
2023-12-08,4.19,4.12,4.2,4.11,232232.99,
2023-12-11,4.1,4.17,4.17,4.07,208679.79,
2023-12-12,4.16,4.24,4.32,4.15,419898.95,
2023-12-13,4.21,4.18,4.25,4.18,233788.83,
2023-12-14,4.19,4.17,4.23,4.16,201298.1,
2023-12-15,4.16,4.15,4.19,4.13,170674.67,
2023-12-18,4.15,4.09,4.15,4.08,190237.58,
2023-12-19,4.09,4.12,4.15,4.08,179085.66,
2023-12-20,4.11,4.02,4.15,4.02,226492.0,
2023-12-21,3.96,3.9,4.0,3.73,488463.77,
2023-12-22,3.87,3.88,3.97,3.86,264080.75,
2023-12-25,3.86,3.91,3.96,3.86,167773.0,
2023-12-26,3.89,3.81,3.91,3.8,211213.8,
2023-12-27,3.8,3.79,3.82,3.76,149195.64,
2023-12-28,3.76,3.86,3.88,3.75,254355.39,
2023-12-29,3.85,3.98,4.05,3.84,345769.69,
2024-01-02,3.99,4.14,4.18,3.99,683808.39,
2024-01-03,4.12,4.09,4.14,4.05,334769.06,
2024-01-04,4.08,4.07,4.13,4.05,187179.76,
2024-01-05,4.08,3.99,4.09,3.96,261733.62,
2024-01-08,3.96,3.88,3.99,3.88,197124.0,
2024-01-09,3.88,3.9,3.94,3.86,150216.44,
2024-01-10,3.9,3.85,3.93,3.82,149744.44,
2024-01-11,3.88,3.98,3.99,3.85,253852.0,
2024-01-12,4.08,4.25,4.4,4.03,1382769.39,
2024-01-15,4.1,4.05,4.15,4.04,852247.2,
2024-01-16,4.03,3.97,4.08,3.91,507065.43,
2024-01-17,3.97,3.88,4.0,3.88,289214.04,
2024-01-18,3.9,3.87,3.9,3.73,373195.68,
2024-01-19,3.87,3.81,3.89,3.8,200527.63,
2024-01-22,3.79,3.64,3.79,3.57,295677.6,
2024-01-23,3.62,3.67,3.7,3.56,175429.77,
2024-01-24,3.68,3.74,3.77,3.64,255141.89,
2024-01-25,3.71,3.85,3.85,3.7,329161.3,
2024-01-26,3.81,3.82,3.88,3.81,230571.65,
2024-01-29,3.83,3.76,3.87,3.75,238436.74,
2024-01-30,3.73,3.69,3.78,3.67,197172.46,
2024-01-31,3.66,3.55,3.68,3.55,231894.68,
2024-02-01,3.5,3.5,3.57,3.44,189559.18,
2024-02-02,3.51,3.35,3.55,3.2,273840.57,
2024-02-05,3.3,3.08,3.31,3.02,317587.37,
2024-02-06,3.08,3.28,3.35,2.98,289862.22,
2024-02-07,3.28,3.29,3.37,3.23,279955.95,
2024-02-08,3.3,3.49,3.49,3.3,352596.11,
2024-02-19,3.55,3.54,3.6,3.47,305703.69,
2024-02-20,3.52,3.54,3.55,3.47,217383.65,
2024-02-21,3.5,3.57,3.65,3.49,376327.55,
2024-02-22,3.53,3.61,3.62,3.51,236087.44,
2024-02-23,3.6,3.68,3.73,3.56,413955.05,
2024-02-26,3.66,3.7,3.74,3.64,355717.85,
2024-02-27,3.68,3.78,3.78,3.65,386657.88,
2024-02-28,3.78,3.57,3.84,3.57,571306.07,
2024-02-29,3.55,3.74,3.75,3.54,393614.3,
2024-03-01,3.76,3.74,3.78,3.71,276028.9,
2024-03-04,3.74,3.76,3.81,3.69,368090.94,
2024-03-05,3.74,3.72,3.83,3.71,332582.0,
2024-03-06,3.7,3.72,3.75,3.68,244976.45,
2024-03-07,3.72,3.67,3.77,3.66,244074.0,
2024-03-08,3.77,3.89,3.97,3.77,995913.1,
2024-03-11,3.84,3.97,4.04,3.83,770059.53,
2024-03-12,3.95,3.95,4.03,3.92,582610.22,
2024-03-13,3.94,3.94,3.98,3.9,397416.44,
2024-03-14,3.92,3.87,3.93,3.82,349594.09,
2024-03-15,3.85,3.89,3.9,3.83,268846.68,
2024-03-18,3.88,3.93,3.93,3.88,336441.1,
2024-03-19,3.92,3.89,3.94,3.88,288545.89,
2024-03-20,3.87,3.9,3.91,3.87,272228.14,
2024-03-21,3.88,3.92,3.94,3.86,378521.73,
2024-03-22,3.89,3.82,3.91,3.79,347446.89,
2024-03-25,3.82,3.77,3.9,3.77,309664.46,
2024-03-26,3.76,3.73,3.79,3.67,273388.55,
2024-03-27,3.73,3.58,3.73,3.58,247762.49,
2024-03-28,3.59,3.72,3.75,3.59,316619.07,
2024-03-29,3.71,3.81,3.81,3.7,314453.0,
2024-04-01,3.82,3.88,3.89,3.8,319958.17,
2024-04-02,3.87,3.88,3.91,3.85,272180.03,
2024-04-03,3.87,3.85,3.88,3.81,203471.26,
2024-04-08,3.84,3.77,3.85,3.77,186680.0,
2024-04-09,3.76,3.78,3.81,3.75,141979.2,
2024-04-10,3.78,3.69,3.78,3.64,205344.0,
2024-04-11,3.67,3.68,3.73,3.64,152018.78,
2024-04-12,3.68,3.62,3.69,3.61,160114.0,
2024-04-15,3.62,3.67,3.74,3.53,332162.9,
2024-04-16,3.62,3.36,3.62,3.35,383296.04,
2024-04-17,3.39,3.53,3.54,3.39,263379.5,
2024-04-18,3.51,3.47,3.55,3.47,222581.2,
2024-04-19,3.47,3.61,3.68,3.45,474870.83,
2024-04-22,3.58,3.83,3.96,3.55,887092.64,
2024-04-23,3.76,3.69,3.77,3.66,517389.48,
2024-04-24,3.66,3.71,3.73,3.66,315240.73,
2024-04-25,3.7,3.65,3.71,3.64,262318.52,
2024-04-26,3.65,3.77,3.81,3.63,464201.24,
2024-04-29,3.81,3.86,3.9,3.81,484409.0,
2024-04-30,3.81,3.82,3.87,3.77,337001.08,
2024-05-06,3.85,3.83,3.87,3.81,311280.0,
2024-05-07,3.81,3.93,3.94,3.8,600887.51,
2024-05-08,3.92,3.83,3.92,3.81,384242.85,
2024-05-09,3.83,4.03,4.05,3.82,981045.23,
2024-05-10,3.98,3.95,4.02,3.93,584824.0,
2024-05-13,3.92,3.92,4.0,3.86,456652.99,
2024-05-14,3.88,3.88,3.95,3.86,324822.5,
2024-05-15,3.88,3.87,3.95,3.86,320267.94,
2024-05-16,3.87,3.87,3.94,3.85,298950.5,
2024-05-17,3.79,3.7,3.8,3.61,973172.35,
2024-05-20,3.65,3.72,3.77,3.65,527968.66,
2024-05-21,3.69,3.61,3.7,3.58,426548.12,
2024-05-22,3.6,3.62,3.63,3.58,233377.0,
2024-05-23,3.64,4.13,4.34,3.62,3018964.14,
2024-05-24,3.9,3.95,4.05,3.88,1818465.33,
2024-05-27,3.91,3.91,4.02,3.82,1148728.56,
2024-05-28,3.88,3.8,3.9,3.77,878033.29,
2024-05-29,3.76,3.75,3.82,3.71,715258.38,
2024-05-30,3.72,3.88,3.97,3.65,1290223.76,
2024-05-31,3.84,3.97,4.03,3.77,1210472.98,
2024-06-03,3.92,3.95,4.08,3.91,1007008.01,
2024-06-04,3.93,3.93,3.97,3.81,715597.5,
2024-06-05,3.88,4.0,4.06,3.86,1118682.03,
2024-06-06,3.97,3.81,3.99,3.77,918860.04,
2024-06-07,3.82,3.99,4.06,3.79,1039934.63,
2024-06-11,3.95,4.04,4.1,3.93,965843.28,
2024-06-12,4.02,4.2,4.28,3.98,1553981.07,
2024-06-13,4.13,4.15,4.24,4.07,1223121.0,
2024-06-14,4.15,4.13,4.19,4.08,700156.31,
2024-06-17,4.1,4.08,4.15,4.04,678258.0,
2024-06-18,4.07,4.22,4.24,4.05,1089331.6,
2024-06-19,4.19,4.1,4.21,4.08,745922.0,
2024-06-20,4.05,3.89,4.08,3.88,905093.0,
2024-06-21,3.87,3.93,3.93,3.85,393177.0,
2024-06-24,3.88,3.77,3.91,3.76,486449.0,
2024-06-25,3.77,3.81,3.87,3.76,383164.0,
2024-06-26,3.79,3.88,3.89,3.71,463213.48,
2024-06-27,3.85,3.82,3.91,3.82,385753.0,
2024-06-28,3.79,3.94,3.99,3.77,650833.0,
2024-07-01,3.91,3.94,3.95,3.88,338393.5,
2024-07-02,3.92,3.88,3.97,3.86,389952.0,
2024-07-03,3.86,3.82,3.87,3.8,308897.33,
2024-07-04,3.82,3.71,3.86,3.7,358071.0,
2024-07-05,3.68,3.73,3.75,3.63,272296.25,
2024-07-08,3.73,3.62,3.73,3.61,269181.75,
2024-07-09,3.63,3.69,3.69,3.51,449365.83,
2024-07-10,3.66,3.66,3.73,3.64,276524.78,
2024-07-11,3.74,3.76,3.76,3.71,347582.22,
2024-07-12,3.73,3.74,3.77,3.72,240142.0,
2024-07-15,3.72,3.73,3.8,3.71,266976.0,
2024-07-16,3.7,3.71,3.71,3.65,229637.0,
2024-07-17,3.7,3.67,3.74,3.66,208645.84,
2024-07-18,3.64,3.69,3.69,3.56,313701.0,
2024-07-19,3.66,3.71,3.74,3.65,235979.5,
2024-07-22,3.69,3.74,3.75,3.69,229980.93,
2024-07-23,3.72,3.63,3.74,3.62,253499.0,
2024-07-24,3.61,3.63,3.69,3.6,234216.08,
2024-07-25,3.6,3.58,3.63,3.52,258828.08,
2024-07-26,3.58,3.67,3.68,3.58,269325.0,
2024-07-29,3.66,3.78,3.83,3.66,570283.0,
2024-07-30,3.75,3.75,3.77,3.7,320872.03,
2024-07-31,3.78,3.91,4.0,3.74,680103.53,
2024-08-01,3.87,3.89,3.95,3.86,561369.5,
2024-08-02,3.85,3.86,3.95,3.84,469092.0,
2024-08-05,3.84,3.75,3.92,3.75,413235.34,
2024-08-06,3.78,3.86,3.88,3.76,461724.0,
2024-08-07,3.83,3.84,3.88,3.82,288752.0,
2024-08-08,3.82,3.78,3.83,3.73,308857.9,
2024-08-09,3.78,3.72,3.81,3.72,211516.0,
2024-08-12,3.72,3.68,3.74,3.66,198824.0,
2024-08-13,3.7,3.78,3.8,3.69,338223.0,
2024-08-14,3.76,3.73,3.77,3.72,201738.0,
2024-08-15,3.73,3.76,3.78,3.7,262004.95,
2024-08-16,3.75,3.69,3.77,3.69,249736.83,
2024-08-19,3.68,3.7,3.72,3.66,186507.03,
2024-08-20,3.69,3.63,3.69,3.62,215864.0,
2024-08-21,3.63,3.61,3.64,3.6,147134.18,
2024-08-22,3.62,3.56,3.64,3.56,186571.0,
2024-08-23,3.55,3.54,3.57,3.47,221390.19,
2024-08-26,3.54,3.56,3.57,3.52,127724.93,
2024-08-27,3.56,3.5,3.57,3.49,147541.0,
2024-08-28,3.4,3.46,3.5,3.39,195738.18,
2024-08-29,3.46,3.48,3.5,3.4,192966.0,
2024-08-30,3.48,3.55,3.57,3.46,251815.02,
2024-09-02,3.55,3.46,3.55,3.45,223319.0,
2024-09-03,3.54,3.54,3.63,3.54,346239.0,
2024-09-04,3.49,3.52,3.57,3.46,247643.15,
2024-09-05,3.5,3.53,3.55,3.5,176290.0,
2024-09-06,3.51,3.65,3.87,3.49,713511.15,
2024-09-09,3.57,3.62,3.64,3.56,332451.92,
2024-09-10,3.62,3.63,3.66,3.58,268146.0,
2024-09-11,3.6,3.59,3.62,3.55,215641.25,
2024-09-12,3.59,3.63,3.75,3.58,340393.03,
2024-09-13,3.61,3.63,3.69,3.61,305359.0,
2024-09-18,3.63,3.58,3.63,3.53,218650.0,
2024-09-19,3.62,3.6,3.64,3.5,337337.0,
2024-09-20,3.59,3.53,3.6,3.5,273580.0,
2024-09-23,3.51,3.53,3.56,3.5,163738.5,
2024-09-24,3.53,3.62,3.63,3.53,341015.68,
2024-09-25,3.66,3.66,3.72,3.63,513054.18,
2024-09-26,3.65,3.74,3.74,3.62,501780.68,
2024-09-27,3.77,3.92,3.96,3.75,947838.94,
2024-09-30,4.04,4.49,4.61,4.01,1972964.89,
2024-10-08,5.39,5.29,5.39,4.76,3001931.34,
2024-10-09,5.0,4.53,5.04,4.52,2046326.21,
2024-10-10,4.55,5.05,5.39,4.55,2700441.59,
2024-10-11,4.9,4.65,4.9,4.56,1503313.5,
2024-10-14,4.83,5.08,5.25,4.8,2217532.02,
2024-10-15,4.88,5.15,5.34,4.8,2549444.16,
2024-10-16,4.99,4.93,5.08,4.85,1594579.11,
2024-10-17,4.95,4.8,4.99,4.76,1166939.47,
2024-10-18,4.75,4.89,4.98,4.61,1442602.78,
2024-10-21,4.89,5.19,5.38,4.88,2784571.14,
2024-10-22,5.12,5.06,5.19,4.96,1573970.0,
2024-10-23,5.04,6.07,6.07,5.01,5386359.49,
2024-10-24,6.0,5.74,6.16,5.59,4281526.29,
2024-10-25,5.7,5.68,5.79,5.62,2618481.81,
2024-10-28,5.75,5.85,6.01,5.62,2879644.74,
2024-10-29,5.76,5.51,6.0,5.5,2293424.2,
2024-10-30,5.42,5.66,5.69,5.33,1676506.28,
2024-10-31,5.6,5.7,5.85,5.5,1798563.72,
2024-11-01,5.62,5.4,5.91,5.38,1840220.11,
2024-11-04,5.3,5.5,5.5,5.19,1039311.16,
2024-11-05,5.51,6.03,6.4,5.49,3141026.99,
2024-11-06,5.96,5.95,6.08,5.86,2319747.29,
2024-11-07,5.88,5.93,5.96,5.7,1908094.22,
2024-11-08,5.93,5.94,6.17,5.91,2137799.34,
2024-11-11,6.08,6.01,6.11,5.85,1631892.79,
2024-11-12,5.98,5.78,5.99,5.72,1330534.0,
2024-11-13,5.78,5.84,5.87,5.71,800524.46,
2024-11-14,5.8,5.58,5.8,5.57,841619.03,
2024-11-15,5.57,5.29,5.62,5.28,1001146.79,
2024-11-18,5.3,5.03,5.37,4.96,1002831.77,
2024-11-19,5.04,5.13,5.14,4.94,699362.7,
2024-11-20,5.13,5.28,5.3,5.09,839413.59,
2024-11-21,5.27,5.27,5.33,5.19,634678.37,
2024-11-22,5.24,5.32,5.68,5.18,1706124.37,
2024-11-25,5.19,5.15,5.25,5.05,947286.35,
2024-11-26,5.11,5.06,5.18,5.05,499965.33,
2024-11-27,5.03,5.16,5.16,4.9,614303.68,
2024-11-28,5.16,5.15,5.24,5.12,596209.68,
2024-11-29,5.17,5.22,5.25,5.11,665012.08,
2024-12-02,5.23,5.44,5.44,5.19,990179.03,
2024-12-03,5.4,5.39,5.43,5.31,672408.0,
2024-12-04,5.37,5.27,5.43,5.25,683524.36,
2024-12-05,5.23,5.36,5.39,5.2,546707.52,
2024-12-06,5.36,5.49,5.56,5.36,1012402.06,
2024-12-09,5.45,5.36,5.47,5.3,719713.0,
2024-12-10,5.5,5.41,5.56,5.4,938522.5,
2024-12-11,5.4,5.56,5.58,5.37,1144189.03,
2024-12-12,5.56,5.52,5.59,5.43,815954.03,
2024-12-13,5.47,5.36,5.48,5.34,739393.5,
2024-12-16,5.32,5.29,5.37,5.25,470226.0,
2024-12-17,5.27,5.15,5.38,5.13,625411.43,
2024-12-18,5.12,5.15,5.23,5.12,425170.5,
2024-12-19,5.08,5.14,5.15,5.01,392942.29,
2024-12-20,5.12,5.16,5.2,5.12,387476.5,
2024-12-23,5.15,4.99,5.16,4.97,647735.0,
2024-12-24,4.98,4.95,5.05,4.88,451462.9,
2024-12-25,4.95,4.79,4.96,4.72,548383.0,
2024-12-26,4.79,4.81,4.87,4.79,291442.5,
2024-12-27,4.85,4.91,5.0,4.85,525298.0,
2024-12-30,4.9,4.84,4.96,4.8,319333.0,
2024-12-31,4.84,4.68,4.88,4.67,365011.0,
2025-01-02,4.65,4.51,4.7,4.47,419707.04,
2025-01-03,4.51,4.33,4.56,4.31,437919.0,
2025-01-06,4.28,4.31,4.38,4.22,312268.5,
2025-01-07,4.32,4.4,4.4,4.32,292576.0,
2025-01-08,4.42,4.43,4.48,4.26,507141.8,
2025-01-09,4.39,4.46,4.51,4.37,380731.5,
2025-01-10,4.44,4.31,4.48,4.31,319441.35,
2025-01-13,4.27,4.33,4.36,4.21,261208.0,
2025-01-14,4.38,4.54,4.54,4.34,457329.5,
2025-01-15,4.5,4.49,4.55,4.47,275170.26,
2025-01-16,4.51,4.52,4.58,4.45,361026.0,
2025-01-17,4.52,4.48,4.58,4.46,287904.0,
2025-01-20,4.51,4.47,4.54,4.45,261539.0,
2025-01-21,4.5,4.42,4.5,4.37,289435.0,
2025-01-22,4.42,4.37,4.42,4.35,225803.0,
2025-01-23,4.42,4.36,4.5,4.36,347934.4,
2025-01-24,4.36,4.39,4.41,4.34,285274.14,
2025-01-27,4.48,4.46,4.61,4.45,587463.99,
2025-02-05,4.51,4.58,4.58,4.46,505813.49,
2025-02-06,4.59,4.7,4.7,4.54,546325.0,
2025-02-07,4.69,4.72,4.77,4.65,622684.0,
2025-02-10,4.72,4.78,4.79,4.72,503664.67,
2025-02-11,4.76,4.71,4.76,4.66,379597.89,
2025-02-12,4.71,4.74,4.74,4.67,368447.0,
2025-02-13,4.74,4.7,4.78,4.7,370183.01,
2025-02-14,4.7,4.67,4.73,4.64,365199.29,
2025-02-17,4.71,4.89,5.02,4.71,1237760.29,
2025-02-18,4.86,4.64,4.87,4.62,717453.5,
2025-02-19,4.62,4.76,4.77,4.61,482178.87,
2025-02-20,4.75,4.81,4.84,4.7,491538.13,
2025-02-21,4.78,4.84,4.85,4.75,519285.83,
2025-02-24,4.84,4.85,4.88,4.8,479158.53,
2025-02-25,4.81,4.85,4.91,4.76,477610.5,
2025-02-26,4.87,4.89,4.9,4.83,468833.5,
2025-02-27,4.89,4.82,4.9,4.74,488035.0,
2025-02-28,4.81,4.64,4.82,4.63,458405.5,
2025-03-03,4.66,4.65,4.76,4.62,361770.0,
2025-03-04,4.65,4.93,4.98,4.62,1280899.52,
2025-03-05,4.85,4.89,4.91,4.81,678601.08,
2025-03-06,4.89,4.92,4.93,4.85,679387.52,
2025-03-07,4.91,4.99,5.15,4.88,1250676.32,
2025-03-10,5.01,5.21,5.28,5.01,1558931.85,
2025-03-11,5.1,5.32,5.4,5.07,1511666.85,
2025-03-12,5.27,5.18,5.3,5.16,1278930.65,
2025-03-13,5.17,5.53,5.57,5.06,2273077.02,
2025-03-14,5.65,5.55,5.79,5.36,2893249.84,
2025-03-17,5.65,5.83,6.37,5.6,3516620.58,
2025-03-18,5.78,5.95,6.12,5.74,2955493.07,
2025-03-19,5.78,6.06,6.35,5.75,3086472.23,
2025-03-20,5.94,6.97,7.26,5.88,5065013.4,
2025-03-21,6.95,6.95,7.65,6.82,5770603.04,
2025-03-24,7.08,7.6,7.63,6.85,4837633.65,
2025-03-25,7.28,6.73,7.42,6.62,3799020.78,
2025-03-26,6.6,6.57,7.07,6.56,3091667.39,
2025-03-27,6.6,6.33,6.67,6.18,2920845.72,
2025-03-28,6.34,6.18,6.39,6.15,1746122.12,
2025-03-31,6.03,5.92,6.09,5.73,1891604.08,
2025-04-01,6.12,5.96,6.25,5.93,2023536.72,
2025-04-02,6.0,5.84,6.05,5.78,1464523.03,
2025-04-03,5.89,5.7,5.98,5.67,1506471.24,
2025-04-07,5.18,4.77,5.43,4.58,2458395.82,
2025-04-08,4.84,5.11,5.26,4.84,2459571.6,
2025-04-09,5.0,5.86,5.95,4.98,3843133.64,
2025-04-10,5.76,5.8,6.01,5.7,3336589.69,
2025-04-11,5.72,5.71,5.86,5.68,1755586.7,
2025-04-14,5.78,5.88,6.05,5.74,1994901.2,
2025-04-15,5.84,5.74,5.86,5.62,1465124.0,
2025-04-16,5.71,5.57,5.83,5.47,1297527.0,
2025-04-17,5.55,5.58,5.75,5.5,1199170.7,
2025-04-18,5.56,5.76,5.88,5.49,2202599.16,
2025-04-21,5.7,5.78,5.79,5.61,1579486.64,
2025-04-22,5.72,5.66,5.74,5.59,1226526.0,
2025-04-23,5.7,5.89,5.98,5.61,2254984.06,
2025-04-24,5.83,5.68,5.89,5.66,1424766.2,
2025-04-25,5.68,5.72,5.83,5.61,1193486.0,
2025-04-28,5.66,5.66,5.88,5.59,1336625.29,
2025-04-29,5.64,5.92,6.0,5.56,2363608.91,
2025-04-30,5.92,5.88,5.95,5.84,1465581.06,
2025-05-06,5.93,6.12,6.14,5.92,1875164.06,
2025-05-07,6.19,6.54,6.99,6.07,3786226.45,
2025-05-08,6.48,6.57,6.67,6.32,2666002.62,
2025-05-09,6.58,6.23,6.62,6.22,2236264.59,
2025-05-12,6.19,6.48,6.74,6.19,2926970.74,
2025-05-13,6.49,6.21,6.55,6.2,2022438.31,
2025-05-14,6.23,6.16,6.25,6.11,1312808.64,
2025-05-15,6.13,5.98,6.21,5.98,1215114.01,
2025-05-16,6.1,6.15,6.45,6.1,1851197.91,
2025-05-19,6.22,6.16,6.25,6.1,1068783.35,
2025-05-20,6.11,6.17,6.22,6.05,1061170.73,
2025-05-21,6.13,5.99,6.14,5.98,1080664.25,
2025-05-22,5.96,5.95,6.09,5.9,787426.0,
2025-05-23,5.91,5.81,5.99,5.81,874525.0,
2025-05-26,5.79,5.88,5.94,5.76,606406.0,
2025-05-27,5.86,5.84,5.87,5.76,659230.0,
2025-05-28,5.82,5.96,6.04,5.81,1189304.25,
2025-05-29,5.91,6.04,6.06,5.89,1066686.6,
2025-05-30,6.0,5.97,6.09,5.91,951332.0,
2025-06-03,6.02,6.21,6.25,6.0,1721973.88,
2025-06-04,6.18,6.24,6.42,6.15,1840501.41,
2025-06-05,6.2,6.16,6.22,6.13,1078835.29,
2025-06-06,6.15,6.14,6.19,6.11,698810.5,
2025-06-09,6.15,6.19,6.25,6.12,842703.17,
2025-06-10,6.27,6.07,6.29,5.98,1113741.75,
2025-06-11,6.05,6.08,6.15,6.03,686515.21,
2025-06-12,6.04,6.14,6.17,6.01,894414.31,
2025-06-13,6.15,6.41,6.61,6.14,3516568.93,
2025-06-16,6.43,6.34,6.44,6.26,1717297.21,
2025-06-17,6.29,6.54,6.58,6.21,2331065.11,
2025-06-18,6.46,6.6,6.95,6.43,2835159.6,
2025-06-19,6.5,6.4,6.55,6.26,1810124.5,
2025-06-20,6.33,6.35,6.55,6.25,1610771.96,
2025-06-23,6.4,6.7,6.78,6.4,2086049.2,
2025-06-24,6.48,6.47,6.54,6.36,1951022.52,
2025-06-25,6.46,6.75,6.87,6.46,2876122.71,
2025-06-26,6.68,6.81,7.24,6.65,3489916.6,
2025-06-27,6.78,6.98,7.06,6.76,2506284.13,
2025-06-30,6.98,7.39,7.45,6.95,3010682.41,
2025-07-01,7.3,7.34,8.0,7.09,3867796.5,
2025-07-02,7.6,7.46,7.98,7.32,4391704.3,
2025-07-03,7.29,7.09,7.49,7.05,2972579.25,
2025-07-04,7.09,6.88,7.09,6.86,1955459.75,
2025-07-07,6.85,7.01,7.05,6.85,1680465.18,
2025-07-08,6.95,7.02,7.05,6.89,1371845.11,
2025-07-09,7.04,6.97,7.2,6.95,1569713.17,
2025-07-10,6.93,6.91,6.95,6.82,1122882.57,
2025-07-11,6.9,7.09,7.17,6.9,1867378.11,
2025-07-14,7.04,7.05,7.14,7.0,1047483.7,
2025-07-15,7.05,7.1,7.18,6.98,1167397.99,
2025-07-16,7.08,7.03,7.09,6.97,790298.23,
2025-07-17,7.02,7.08,7.08,6.98,966992.28,
2025-07-18,7.05,7.01,7.09,7.0,824441.7,
2025-07-21,7.0,6.97,7.0,6.84,1179343.01,
2025-07-22,6.94,7.09,7.14,6.92,1549089.28,
2025-07-23,7.05,6.86,7.06,6.85,1240244.86,
2025-07-24,6.86,6.96,7.04,6.8,1130733.66,
2025-07-25,6.94,6.88,6.97,6.84,827342.18,
2025-07-28,6.89,7.04,7.07,6.87,1274554.42,
2025-07-29,7.0,7.17,7.2,6.96,1906088.96,
2025-07-30,7.14,7.14,7.24,7.04,1550945.21,
2025-07-31,7.08,6.93,7.18,6.89,1206016.0,
2025-08-01,6.9,6.75,6.9,6.67,1137918.54,
2025-08-04,6.7,7.03,7.04,6.69,1299472.98,
2025-08-05,7.05,7.11,7.24,7.0,1492730.07,
2025-08-06,7.1,7.41,7.44,7.1,2772769.89,
2025-08-07,7.36,7.28,7.39,7.21,1632127.21,
2025-08-08,7.24,7.26,7.44,7.23,1372754.11,
2025-08-11,7.26,7.2,7.32,7.16,1168390.02,
2025-08-12,7.2,7.22,7.49,7.15,1494160.17,
2025-08-13,7.2,7.3,7.42,7.17,1737602.9,
2025-08-14,7.28,7.1,7.3,7.08,1535063.86,
2025-08-15,7.07,7.15,7.17,7.03,1004883.0,
2025-08-18,7.35,7.8,7.9,7.35,3710022.39,
2025-08-19,7.78,7.57,7.93,7.53,2157168.84,
2025-08-20,7.57,7.5,7.61,7.37,1551744.37,
2025-08-21,7.47,7.38,7.52,7.32,1189359.43,
2025-08-22,7.35,7.47,7.48,7.32,1169967.86,
2025-08-25,7.5,7.45,7.5,7.34,1441499.96,
2025-08-26,7.43,7.34,7.43,7.3,976972.72,
2025-08-27,7.48,7.17,7.62,7.17,1661131.8,1229263.448
2025-08-28,7.16,7.41,7.42,7.1,1422397.14,1029328.69
2025-08-29,7.42,7.4,7.44,7.32,1035478.48,763903.134
2025-09-01,7.39,7.41,7.42,7.28,945757.34,694993.755
2025-09-02,7.41,7.17,7.41,7.11,1013506.18,729665.58
2025-09-03,7.2,6.64,7.22,6.59,1333242.97,913151.524
2025-09-04,6.58,6.47,6.7,6.38,834972.97,549338.121
2025-09-05,6.47,6.58,6.59,6.41,556158.75,362709.048
2025-09-08,6.59,6.56,6.63,6.48,598326.01,392316.502
2025-09-09,6.55,6.46,6.6,6.44,608617.82,396655.537
2025-09-10,6.44,6.4,6.5,6.31,649554.23,415608.496
2025-09-11,6.4,6.5,6.5,6.34,616066.72,396786.559
2025-09-12,6.5,6.5,6.58,6.48,556358.7,363254.639
2025-09-15,6.49,6.49,6.54,6.43,448773.48,290672.211
2025-09-16,6.49,6.53,6.54,6.4,582166.89,376622.148
2025-09-17,6.48,6.46,6.51,6.43,493311.08,318921.697
2025-09-18,6.46,6.36,6.57,6.31,865884.57,559928.856
2025-09-19,6.36,6.3,6.46,6.28,525495.13,333928.431
2025-09-22,6.29,6.33,6.34,6.2,542032.0,339338.136
2025-09-23,6.35,6.18,6.39,6.05,756255.88,465791.254
2025-09-24,6.15,6.27,6.27,6.1,451177.51,280308.407
2025-09-25,6.22,6.18,6.3,6.18,383727.0,238922.952
2025-09-26,6.18,6.17,6.32,6.14,586873.0,365586.325
2025-09-29,6.15,6.19,6.19,6.07,432856.55,266005.657
2025-09-30,6.17,6.28,6.32,6.17,510124.98,319607.54
2025-10-09,6.3,6.37,6.39,6.25,559549.48,354832.928
2025-10-10,6.34,6.39,6.42,6.32,590879.4,376557.874
2025-10-13,6.19,6.43,6.44,6.14,645049.6,409750.824
2025-10-14,6.44,6.54,6.61,6.42,1085835.71,709545.551
2025-10-15,6.46,6.5,6.55,6.37,695180.78,449450.258
2025-10-16,6.5,6.39,6.51,6.35,483274.0,309728.227
2025-10-17,6.36,6.24,6.42,6.23,472199.79,298362.774
2025-10-20,6.25,6.35,6.36,6.25,381040.39,240364.766
2025-10-21,6.32,6.51,6.55,6.31,786089.95,510924.462
2025-10-22,6.46,6.46,6.51,6.44,418557.8,270561.137
2025-10-23,6.43,6.38,6.44,6.26,484610.99,306348.107
2025-10-24,6.4,6.45,6.51,6.4,478003.63,309301.353
2025-10-27,6.47,6.53,6.54,6.45,560664.5,365188.086
2025-10-28,6.74,6.98,7.29,6.7,2943611.38,2050821.465
2025-10-29,6.92,7.0,7.08,6.82,1798426.98,1245758.076
