date,open,close,high,low,volume,amount
2022-01-04,38.3,37.81,39.22,37.27,25971.3,
2022-01-05,37.68,36.76,38.07,36.5,25161.14,
2022-01-06,36.77,37.58,38.13,35.82,29342.98,
2022-01-07,37.64,35.99,38.16,35.87,33217.03,
2022-01-10,35.54,35.99,36.94,35.54,19984.0,
2022-01-11,36.43,36.6,37.03,35.88,16645.0,
2022-01-12,36.88,36.71,37.27,36.29,15463.0,
2022-01-13,36.81,36.13,36.81,35.86,15593.22,
2022-01-14,36.12,35.87,36.13,35.51,15581.71,
2022-01-17,35.7,36.36,36.42,35.25,16263.96,
2022-01-18,36.34,36.86,36.94,35.69,21068.39,
2022-01-19,36.8,36.34,36.84,36.08,18037.72,
2022-01-20,36.61,36.17,37.15,36.15,15192.55,
2022-01-21,36.17,34.79,36.45,34.64,25033.76,
2022-01-24,34.47,34.2,35.39,33.54,24924.42,
2022-01-25,34.07,32.86,34.49,32.61,23687.47,
2022-01-26,33.21,33.38,33.62,32.42,15546.79,
2022-01-27,33.51,32.42,33.51,32.26,17800.05,
2022-01-28,32.61,32.74,33.34,31.96,21078.17,
2022-02-07,32.64,31.58,33.82,31.3,32759.66,
2022-02-08,31.31,30.09,31.63,30.03,68164.51,
2022-02-09,30.33,29.29,30.88,28.78,89095.26,
2022-02-10,29.3,28.64,29.35,28.46,56192.62,
2022-02-11,28.44,27.86,28.76,27.76,28445.08,
2022-02-14,27.87,27.67,28.3,27.53,27359.59,
2022-02-15,27.64,28.22,28.23,27.64,30289.56,
2022-02-16,28.68,28.22,28.84,28.1,41725.16,
2022-02-17,28.42,28.17,28.48,28.03,25245.77,
2022-02-18,28.17,28.14,28.29,28.01,18798.64,
2022-02-21,28.14,28.21,28.4,27.59,28054.42,
2022-02-22,27.94,27.69,28.14,27.56,21401.03,
2022-02-23,28.06,29.08,29.39,27.62,53430.57,
2022-02-24,28.8,29.02,29.77,28.71,52743.34,
2022-02-25,29.07,29.56,30.09,29.07,32153.95,
2022-02-28,29.81,30.08,30.49,29.67,30838.23,
2022-03-01,30.1,29.96,30.4,29.6,25708.92,
2022-03-02,29.94,29.95,30.06,29.08,20077.44,
2022-03-03,30.08,29.93,30.28,29.64,25361.4,
2022-03-04,29.93,29.56,30.18,29.44,30303.69,
2022-03-07,29.08,28.62,29.7,28.42,31624.88,
2022-03-08,28.99,27.56,29.44,27.37,43497.75,
2022-03-09,27.58,26.75,27.84,25.46,47066.72,
2022-03-10,27.25,26.93,27.49,26.42,27321.81,
2022-03-11,26.55,27.35,27.48,26.27,23206.9,
2022-03-14,27.48,26.51,27.48,26.47,17638.43,
2022-03-15,26.27,25.03,26.44,24.99,31257.78,
2022-03-16,25.33,25.99,26.18,24.6,28400.49,
2022-03-17,26.66,26.25,27.0,26.04,33807.41,
2022-03-18,26.18,26.13,26.35,25.68,23369.66,
2022-03-21,26.13,26.12,26.53,25.89,14469.15,
2022-03-22,26.12,25.81,26.12,25.57,15224.46,
2022-03-23,25.85,25.99,26.14,25.53,12852.31,
2022-03-24,25.71,25.53,25.9,25.29,16732.84,
2022-03-25,25.86,25.02,25.86,24.83,16155.93,
2022-03-28,24.97,24.13,24.97,23.94,24279.97,
2022-03-29,24.24,23.96,24.69,23.79,15890.73,
2022-03-30,24.39,24.89,24.95,24.14,16569.42,
2022-03-31,24.46,24.2,24.95,24.01,13738.0,
2022-04-01,24.22,24.37,24.49,23.63,13873.29,
2022-04-06,24.09,24.07,24.11,23.58,16046.65,
2022-04-07,23.98,23.39,23.99,23.37,18755.02,
2022-04-08,23.39,23.04,23.51,22.83,20277.75,
2022-04-11,22.91,22.02,23.09,21.86,26296.94,
2022-04-12,22.02,21.96,22.39,21.47,20366.95,
2022-04-13,21.79,21.35,21.89,21.23,17733.69,
2022-04-14,21.41,21.25,21.71,21.06,18762.91,
2022-04-15,21.09,20.94,21.2,20.57,26208.77,
2022-04-18,20.96,21.27,21.37,20.46,15392.16,
2022-04-19,21.3,21.08,21.51,20.96,11292.07,
2022-04-20,21.08,20.64,21.39,20.5,17067.13,
2022-04-21,20.57,20.0,21.06,19.96,21471.19,
2022-04-22,19.95,20.39,21.01,19.72,28767.4,
2022-04-25,19.94,18.82,20.21,18.74,33645.36,
2022-04-26,18.66,17.94,19.3,17.79,26819.93,
2022-04-27,17.7,18.74,18.86,17.26,29322.3,
2022-04-28,18.53,17.41,18.53,16.98,60221.06,
2022-04-29,17.58,18.48,18.74,17.58,41022.44,
2022-05-05,18.5,19.1,19.31,17.98,37251.38,
2022-05-06,18.66,18.9,19.29,18.38,26982.92,
2022-05-09,19.12,19.54,20.27,18.91,40746.89,
2022-05-10,19.53,19.04,19.53,18.65,52718.84,
2022-05-11,19.06,19.55,20.0,18.83,60866.48,
2022-05-12,19.55,19.3,19.55,18.96,25805.78,
2022-05-13,19.3,19.12,19.47,19.03,25781.0,
2022-05-16,19.21,19.11,19.72,19.08,27502.84,
2022-05-17,19.14,19.24,19.38,18.82,19828.16,
2022-05-18,19.21,19.31,19.68,19.2,24519.47,
2022-05-19,19.1,19.44,19.48,18.87,23112.27,
2022-05-20,19.57,19.62,20.22,19.25,21866.39,
2022-05-23,19.67,19.83,20.19,19.66,23846.63,
2022-05-24,19.75,18.76,19.95,18.75,27241.3,
2022-05-25,18.68,18.65,18.94,18.56,19680.89,
2022-05-26,18.63,18.79,18.94,18.15,23228.23,
2022-05-27,18.84,18.66,19.08,18.43,26473.25,
2022-05-30,18.82,18.96,19.06,18.35,29784.36,
2022-05-31,19.01,19.73,20.02,18.85,45175.57,
2022-06-01,19.77,20.8,21.32,19.52,72952.89,
2022-06-02,20.73,21.44,21.55,20.33,59017.62,
2022-06-06,21.52,21.49,21.86,21.05,35543.28,
2022-06-07,21.52,21.2,21.7,21.08,25612.13,
2022-06-08,21.21,21.07,21.37,20.5,30028.25,
2022-06-09,21.07,20.39,21.07,20.26,33676.6,
2022-06-10,20.29,20.59,20.88,20.26,18001.6,
2022-06-13,20.47,20.4,20.87,19.94,29644.12,
2022-06-14,20.28,20.48,20.5,19.49,30161.2,
2022-06-15,20.88,20.77,21.37,20.4,37600.05,
2022-06-16,21.03,22.36,22.83,20.81,82453.43,
2022-06-17,22.13,22.17,22.55,21.64,61996.25,
2022-06-20,22.52,23.19,23.69,22.02,91089.09,
2022-06-21,22.99,23.09,23.57,22.88,51116.4,
2022-06-22,23.01,22.9,23.43,22.73,37383.14,
2022-06-23,23.18,23.26,23.34,22.55,37919.17,
2022-06-24,23.29,23.36,24.53,23.26,64202.02,
2022-06-27,23.11,23.42,23.83,22.84,59361.15,
2022-06-28,23.36,25.01,25.11,23.34,85272.9,
2022-06-29,24.99,24.89,25.42,24.62,53218.17,
2022-06-30,25.02,24.78,25.25,24.69,30988.31,
2022-07-01,24.88,24.99,25.83,24.69,46128.31,
2022-07-04,24.92,24.89,25.09,24.33,25609.44,
2022-07-05,25.16,24.52,25.3,24.03,48626.11,
2022-07-06,24.35,24.61,24.83,24.18,41502.3,
2022-07-07,24.55,25.48,25.49,24.31,31501.68,
2022-07-08,25.68,25.49,26.33,25.25,36737.44,
2022-07-11,25.48,24.26,25.67,24.1,38857.13,
2022-07-12,24.63,23.53,24.63,23.23,32007.67,
2022-07-13,23.47,23.56,23.97,23.3,13097.42,
2022-07-14,23.55,23.62,23.84,23.32,18194.0,
2022-07-15,23.6,23.63,24.16,23.48,19608.85,
2022-07-18,23.65,24.13,24.17,23.49,16121.98,
2022-07-19,24.24,24.82,25.33,24.07,27447.43,
2022-07-20,24.72,25.78,25.97,24.48,40462.94,
2022-07-21,25.76,26.51,27.19,25.5,33919.14,
2022-07-22,26.51,26.5,27.16,25.97,27304.94,
2022-07-25,26.52,26.2,26.63,25.78,18049.13,
2022-07-26,26.15,26.21,26.29,25.29,12719.0,
2022-07-27,26.23,26.84,26.85,26.02,12674.61,
2022-07-28,26.86,25.92,27.21,25.81,26879.79,
2022-07-29,26.24,25.59,26.29,25.48,17798.42,
2022-08-01,25.87,25.73,25.87,25.35,17571.05,
2022-08-02,25.73,24.83,25.73,24.05,33915.67,
2022-08-03,24.38,24.5,25.17,24.36,20358.48,
2022-08-04,24.55,24.89,25.11,24.45,14514.0,
2022-08-05,24.64,25.26,25.34,24.64,10215.45,
2022-08-08,25.25,25.91,26.4,25.25,20540.42,
2022-08-09,25.91,26.02,26.1,25.57,10955.54,
2022-08-10,26.03,25.52,26.17,24.78,19066.23,
2022-08-11,25.79,24.99,25.79,24.71,22505.0,
2022-08-12,24.95,25.02,25.33,24.6,27131.0,
2022-08-15,25.02,25.21,25.25,24.72,18747.0,
2022-08-16,25.21,26.24,26.39,25.09,20769.43,
2022-08-17,26.38,25.83,26.43,25.56,13428.0,
2022-08-18,25.68,26.28,26.43,25.56,18428.0,
2022-08-19,25.48,26.23,26.62,25.31,23541.0,
2022-08-22,26.21,25.62,26.32,25.47,23607.0,
2022-08-23,25.62,25.3,25.97,25.0,19776.0,
2022-08-24,25.13,24.94,25.51,24.22,19897.17,
2022-08-25,24.73,24.92,25.19,24.39,14692.98,
2022-08-26,25.05,25.3,25.34,24.67,14614.0,
2022-08-29,24.95,25.49,25.65,24.74,11059.94,
2022-08-30,25.53,26.35,26.43,25.45,24447.57,
2022-08-31,26.35,24.83,26.43,24.55,24859.52,
2022-09-01,25.02,24.78,25.62,24.36,18043.62,
2022-09-02,25.06,24.34,25.21,24.1,19195.34,
2022-09-05,24.1,23.64,24.32,23.13,21281.0,
2022-09-06,23.86,24.52,24.66,23.62,14472.14,
2022-09-07,24.38,24.64,24.75,24.27,9847.0,
2022-09-08,24.9,24.59,24.97,24.27,8309.13,
2022-09-09,24.55,24.35,24.75,24.31,6316.97,
2022-09-13,24.53,24.17,24.53,23.84,8423.61,
2022-09-14,23.6,23.63,24.15,23.51,19156.2,
2022-09-15,23.75,23.9,24.05,23.23,24163.45,
2022-09-16,23.88,23.33,24.18,23.33,18940.12,
2022-09-19,23.41,22.97,23.6,22.56,18872.88,
2022-09-20,23.22,23.14,23.79,22.92,14662.28,
2022-09-21,22.94,22.9,23.2,22.63,7376.0,
2022-09-22,23.0,22.09,23.0,21.85,26228.29,
2022-09-23,21.92,22.42,22.62,21.58,25016.98,
2022-09-26,21.81,22.02,22.61,21.81,10535.0,
2022-09-27,22.19,22.46,22.86,21.82,12962.02,
2022-09-28,22.46,21.43,22.48,21.43,20237.0,
2022-09-29,21.62,21.67,22.05,21.41,32102.76,
2022-09-30,21.83,21.73,21.99,21.34,19574.58,
2022-10-10,21.71,21.05,21.71,21.01,11797.0,
2022-10-11,21.05,21.26,21.51,20.79,9275.73,
2022-10-12,21.3,21.79,21.88,20.68,15947.18,
2022-10-13,21.53,21.78,21.99,21.53,9277.01,
2022-10-14,21.8,21.88,22.33,21.71,15664.75,
2022-10-17,21.88,21.87,22.09,21.61,11851.55,
2022-10-18,22.07,21.5,22.08,21.36,21399.92,
2022-10-19,21.48,21.2,21.48,21.15,10962.01,
2022-10-20,21.17,21.08,21.36,20.71,11120.0,
2022-10-21,20.78,21.25,21.26,20.77,13439.21,
2022-10-24,21.24,21.23,21.44,20.84,19667.0,
2022-10-25,20.97,21.38,21.56,20.96,15078.61,
2022-10-26,21.55,22.52,22.73,21.55,29846.27,
2022-10-27,22.66,22.83,23.58,22.09,28488.57,
2022-10-28,23.0,21.96,23.28,21.9,24220.35,
2022-10-31,21.97,22.88,23.23,21.93,29812.73,
2022-11-01,22.94,23.26,24.55,22.85,46023.65,
2022-11-02,23.22,24.66,24.77,22.94,40083.07,
2022-11-03,24.46,24.54,24.77,24.08,25054.54,
2022-11-04,24.45,25.07,25.16,24.13,19659.0,
2022-11-07,24.82,25.99,26.25,24.81,26220.8,
2022-11-08,25.65,25.85,26.43,25.64,43335.92,
2022-11-09,25.61,25.73,26.64,25.42,23581.5,
2022-11-10,25.31,25.79,26.12,25.15,15903.77,
2022-11-11,26.46,26.31,26.83,26.12,26815.06,
2022-11-14,26.51,25.93,26.62,25.58,27020.89,
2022-11-15,25.99,26.42,26.6,25.79,18303.0,
2022-11-16,26.42,26.94,26.95,26.32,22178.12,
2022-11-17,26.91,26.34,26.91,26.04,18318.81,
2022-11-18,26.59,26.42,26.87,26.0,24700.22,
2022-11-21,26.24,26.91,27.53,25.52,34187.57,
2022-11-22,27.14,27.77,28.54,26.94,71213.11,
2022-11-23,27.75,27.31,27.77,26.81,26468.18,
2022-11-24,27.37,26.74,27.37,26.43,19244.74,
2022-11-25,26.91,26.48,26.91,26.2,12300.0,
2022-11-28,26.29,27.59,27.86,25.96,32910.08,
2022-11-29,27.59,27.49,27.91,26.95,25641.3,
2022-11-30,27.71,27.25,27.72,27.08,16494.73,
2022-12-01,27.55,28.49,28.89,27.39,31377.65,
2022-12-02,28.66,29.66,31.25,28.46,92767.43,
2022-12-05,30.38,28.41,30.38,27.75,65747.34,
2022-12-06,28.02,27.95,28.6,27.62,35197.74,
2022-12-07,27.85,28.84,28.93,27.84,31075.2,
2022-12-08,28.8,28.23,28.81,28.0,15530.16,
2022-12-09,28.17,28.51,28.69,27.59,21804.74,
2022-12-12,28.42,29.07,29.52,27.95,31264.12,
2022-12-13,29.05,31.56,31.76,28.38,54084.27,
2022-12-14,31.15,30.6,31.3,29.75,63128.88,
2022-12-15,30.71,29.73,31.14,29.2,26833.01,
2022-12-16,29.48,29.87,29.95,28.87,30440.39,
2022-12-19,29.45,29.99,30.34,29.08,25017.78,
2022-12-20,30.17,29.55,30.17,29.27,14371.19,
2022-12-21,29.42,29.13,30.4,28.97,28274.71,
2022-12-22,29.21,29.23,30.01,28.91,25282.99,
2022-12-23,29.41,28.6,29.41,28.23,20566.06,
2022-12-26,28.99,27.91,29.02,27.75,44129.39,
2022-12-27,27.88,28.09,28.42,27.56,37152.3,
2022-12-28,28.11,27.86,28.37,27.41,39157.23,
2022-12-29,27.72,28.7,29.23,27.43,33835.9,
2022-12-30,28.66,28.77,29.21,28.41,18790.66,
2023-01-03,28.6,28.24,29.11,28.05,25239.16,
2023-01-04,28.13,29.16,29.88,28.12,38070.45,
2023-01-05,29.18,29.0,29.24,28.69,28008.55,
2023-01-06,28.77,28.81,29.33,28.7,18092.63,
2023-01-09,28.82,28.98,29.27,28.62,17894.23,
2023-01-10,29.12,28.48,29.12,28.14,23296.16,
2023-01-11,28.41,29.42,29.44,28.35,28816.55,
2023-01-12,29.35,29.4,30.15,29.19,16962.56,
2023-01-13,29.37,29.4,30.04,29.29,15764.37,
2023-01-16,29.27,29.48,30.02,29.19,21686.53,
2023-01-17,29.71,29.95,29.97,29.27,17834.44,
2023-01-18,30.02,29.53,30.24,29.53,12972.49,
2023-01-19,29.32,29.44,30.01,29.3,10477.77,
2023-01-20,29.41,29.27,29.84,28.99,17969.42,
2023-01-30,29.5,30.48,30.76,29.5,23514.47,
2023-01-31,30.32,30.15,30.87,30.02,17493.7,
2023-02-01,30.19,29.75,30.47,29.28,27287.34,
2023-02-02,29.68,29.39,29.94,29.31,22760.06,
2023-02-03,29.3,28.66,29.53,28.47,16708.23,
2023-02-06,28.73,28.25,28.73,27.94,10817.0,
2023-02-07,28.26,27.73,28.41,27.57,27112.0,
2023-02-08,28.23,27.5,28.23,27.09,36472.08,
2023-02-09,27.5,27.84,27.9,27.27,17120.23,
2023-02-10,27.83,28.22,28.41,27.83,22384.16,
2023-02-13,28.32,28.39,28.85,27.86,29229.5,
2023-02-14,28.38,29.41,29.42,28.04,32887.42,
2023-02-15,29.31,29.15,29.31,28.04,42680.73,
2023-02-16,28.72,27.94,28.87,27.38,42161.73,
2023-02-17,27.6,27.38,27.78,27.16,28178.05,
2023-02-20,27.38,27.35,27.41,27.02,18336.86,
2023-02-21,27.38,27.5,27.74,27.2,16386.47,
2023-02-22,27.47,29.27,29.45,27.32,66774.61,
2023-02-23,29.36,28.98,29.56,28.6,35126.73,
2023-02-24,28.8,29.0,30.0,28.71,26365.21,
2023-02-27,28.94,28.52,29.43,28.26,37524.95,
2023-02-28,28.37,29.09,29.26,28.37,27308.46,
2023-03-01,29.09,28.42,29.26,28.34,31396.43,
2023-03-02,28.42,27.87,28.54,27.71,22862.0,
2023-03-03,27.61,27.21,27.8,27.06,28760.0,
2023-03-06,27.33,27.29,27.57,26.96,29209.91,
2023-03-07,27.46,27.24,27.52,26.69,34115.78,
2023-03-08,27.19,27.03,27.3,26.81,12059.82,
2023-03-09,27.19,26.48,27.27,26.35,24394.86,
2023-03-10,26.49,26.55,26.94,26.12,20777.0,
2023-03-13,26.34,26.66,26.73,26.23,24399.0,
2023-03-14,26.66,26.0,26.66,25.8,23837.67,
2023-03-15,26.21,26.14,26.4,25.97,16219.92,
2023-03-16,25.84,26.08,26.24,25.77,24897.3,
2023-03-17,26.29,26.65,26.84,25.97,21291.5,
2023-03-20,26.65,26.19,27.09,26.02,24338.88,
2023-03-21,26.22,26.8,26.9,25.94,22115.0,
2023-03-22,27.0,26.71,27.73,26.41,34963.56,
2023-03-23,26.91,26.98,27.09,25.86,44533.0,
2023-03-24,26.59,25.96,26.59,25.52,52473.71,
2023-03-27,25.95,25.86,26.4,25.54,41802.25,
2023-03-28,25.82,25.66,25.86,25.59,16609.2,
2023-03-29,25.78,25.35,25.78,25.11,47445.62,
2023-03-30,25.37,24.03,25.61,23.05,157342.73,
2023-03-31,23.85,23.92,24.28,23.71,77380.45,
2023-04-03,23.99,24.15,24.39,23.77,54186.62,
2023-04-04,24.36,24.33,24.47,24.07,43672.5,
2023-04-06,24.28,24.59,24.7,24.06,33669.88,
2023-04-07,24.57,25.05,25.49,24.57,41076.6,
2023-04-10,25.11,24.59,25.38,24.4,43408.4,
2023-04-11,24.48,24.46,24.92,24.37,26268.03,
2023-04-12,24.54,23.94,24.67,23.94,26983.51,
2023-04-13,24.07,23.86,24.24,23.7,22394.0,
2023-04-14,23.86,23.76,24.1,23.71,19980.44,
2023-04-17,23.76,24.01,24.17,23.55,29417.27,
2023-04-18,23.98,23.76,24.12,23.59,58141.86,
2023-04-19,23.74,23.68,23.97,23.39,39413.67,
2023-04-20,23.6,23.46,23.79,23.3,27450.12,
2023-04-21,23.41,23.27,24.16,23.23,30127.38,
2023-04-24,23.14,23.09,23.6,22.96,34353.18,
2023-04-25,23.24,22.64,23.28,22.35,38683.16,
2023-04-26,22.54,22.91,23.09,22.47,35442.0,
2023-04-27,22.98,23.54,23.75,22.64,45806.23,
2023-04-28,23.48,22.88,23.78,22.75,39371.28,
2023-05-04,22.75,23.83,24.04,22.7,55040.97,
2023-05-05,23.9,23.34,24.07,23.08,42019.83,
2023-05-08,23.42,23.22,23.49,22.99,44403.22,
2023-05-09,23.23,23.17,23.55,22.86,35312.31,
2023-05-10,23.22,23.7,24.29,23.07,45872.8,
2023-05-11,23.78,23.32,23.93,23.15,43408.99,
2023-05-12,23.18,23.3,23.98,23.18,22077.8,
2023-05-15,23.56,24.21,24.3,23.18,49337.24,
2023-05-16,24.22,23.6,24.34,23.52,50974.81,
2023-05-17,23.56,23.22,23.92,23.01,42875.72,
2023-05-18,23.11,22.98,23.34,22.76,28037.01,
2023-05-19,22.89,23.44,23.54,22.65,35182.86,
2023-05-22,23.41,23.7,23.74,23.16,25085.3,
2023-05-23,23.66,23.14,23.82,23.14,23070.79,
2023-05-24,23.02,23.13,23.32,22.71,28781.66,
2023-05-25,23.18,22.71,23.32,22.42,31216.31,
2023-05-26,22.72,22.13,22.73,22.04,30433.12,
2023-05-29,22.27,21.7,22.27,21.59,38972.76,
2023-05-30,21.72,21.22,21.74,20.98,49959.5,
2023-05-31,21.06,21.03,21.34,20.84,20404.02,
2023-06-01,20.83,20.69,21.17,20.49,26692.33,
2023-06-02,20.85,21.01,21.01,20.63,22052.01,
2023-06-05,20.91,20.62,21.24,20.49,24174.08,
2023-06-06,20.49,20.11,20.57,20.09,26729.99,
2023-06-07,20.16,20.32,20.42,19.84,27969.02,
2023-06-08,20.44,20.67,20.72,20.15,27954.42,
2023-06-09,20.61,20.5,20.86,20.47,27826.15,
2023-06-12,20.48,20.96,21.1,20.16,33992.69,
2023-06-13,20.93,20.86,21.21,20.63,28611.02,
2023-06-14,20.8,20.8,20.98,20.63,18448.58,
2023-06-15,20.83,20.84,20.94,20.48,33870.72,
2023-06-16,21.03,20.44,21.03,20.39,38082.76,
2023-06-19,20.48,20.31,20.63,20.25,26761.59,
2023-06-20,20.36,20.22,20.58,20.17,20456.21,
2023-06-21,20.31,19.98,20.48,19.97,29421.0,
2023-06-26,19.98,19.79,20.17,19.6,26731.01,
2023-06-27,19.79,20.1,20.16,19.64,26479.62,
2023-06-28,20.11,19.93,20.17,19.43,35981.62,
2023-06-29,19.73,19.57,20.08,19.56,27720.0,
2023-06-30,19.55,19.97,20.16,19.55,34996.0,
2023-07-03,20.11,20.38,20.48,19.97,33869.49,
2023-07-04,20.4,20.54,20.8,20.21,25396.67,
2023-07-05,20.48,20.66,20.71,20.42,17919.61,
2023-07-06,20.58,20.34,20.64,20.33,15655.8,
2023-07-07,20.21,20.34,20.46,20.21,13471.98,
2023-07-10,20.33,20.53,20.78,20.32,20046.0,
2023-07-11,20.6,20.5,20.63,20.39,11039.35,
2023-07-12,20.59,19.94,20.63,19.81,48140.6,
2023-07-13,19.93,20.07,20.4,19.89,33996.17,
2023-07-14,20.09,19.86,20.17,19.86,20909.22,
2023-07-17,19.91,19.94,20.12,19.62,29423.85,
2023-07-18,19.94,20.33,20.48,19.79,34179.21,
2023-07-19,20.33,20.94,21.39,20.31,72661.47,
2023-07-20,20.94,20.69,21.05,20.68,37775.8,
2023-07-21,20.59,20.87,21.04,20.52,20430.02,
2023-07-24,20.88,20.64,21.07,20.52,20523.17,
2023-07-25,20.75,21.08,21.27,20.75,30644.9,
2023-07-26,21.21,21.68,21.72,21.06,50366.45,
2023-07-27,21.73,21.45,21.74,21.39,25620.6,
2023-07-28,21.33,21.52,21.84,21.3,39360.53,
2023-07-31,21.47,21.7,21.85,21.47,36122.43,
2023-08-01,21.73,21.29,21.83,21.27,30408.32,
2023-08-02,21.28,21.15,21.43,21.07,23921.34,
2023-08-03,21.16,21.04,21.19,20.85,19841.0,
2023-08-04,21.08,20.85,21.32,20.77,26858.0,
2023-08-07,20.69,20.38,21.0,20.23,26069.0,
2023-08-08,20.36,20.14,20.43,20.08,19072.67,
2023-08-09,20.09,20.21,20.36,19.94,16927.59,
2023-08-10,20.26,20.26,20.31,20.13,11715.17,
2023-08-11,20.25,19.95,20.27,19.91,18571.41,
2023-08-14,19.82,19.77,19.88,19.44,18918.0,
2023-08-15,19.8,19.6,19.97,19.4,15059.62,
2023-08-16,19.59,19.39,19.71,19.35,14370.44,
2023-08-17,19.39,19.31,19.4,19.06,24869.0,
2023-08-18,19.32,18.6,19.35,18.6,35750.61,
2023-08-21,18.6,18.31,18.76,18.31,19560.17,
2023-08-22,18.44,18.11,18.44,17.85,29716.61,
2023-08-23,18.15,17.51,18.15,17.51,27234.31,
2023-08-24,17.55,17.64,17.84,17.42,16642.0,
2023-08-25,17.71,17.47,17.85,17.4,17548.83,
2023-08-28,18.35,17.49,18.48,17.47,37953.22,
2023-08-29,17.4,18.2,18.22,17.34,41881.92,
2023-08-30,18.11,18.39,18.82,17.72,53993.1,
2023-08-31,18.35,18.07,18.44,18.06,29950.53,
2023-09-01,18.08,18.48,18.64,18.08,33370.07,
2023-09-04,18.52,18.63,18.67,18.35,27353.42,
2023-09-05,18.58,18.36,18.6,18.23,23254.0,
2023-09-06,18.35,18.48,18.56,18.11,22982.29,
2023-09-07,18.53,18.2,18.58,18.2,15838.0,
2023-09-08,18.3,18.15,18.39,18.1,11742.0,
2023-09-11,18.15,18.22,18.34,18.08,19495.94,
2023-09-12,18.29,18.25,18.46,18.12,15650.93,
2023-09-13,18.15,18.15,18.36,18.1,15410.0,
2023-09-14,18.13,18.14,18.15,18.01,16212.0,
2023-09-15,18.14,18.08,18.35,17.97,18836.99,
2023-09-18,17.97,18.14,18.34,17.89,16045.1,
2023-09-19,18.23,17.95,18.23,17.91,13897.82,
2023-09-20,17.92,17.78,18.05,17.75,13824.76,
2023-09-21,17.74,17.46,17.82,17.4,21863.89,
2023-09-22,17.44,17.92,17.97,17.36,28416.78,
2023-09-25,17.86,17.61,17.9,17.51,37556.74,
2023-09-26,17.6,17.36,17.6,17.31,24501.61,
2023-09-27,17.27,17.62,17.72,17.24,23700.81,
2023-09-28,17.64,17.59,17.77,17.54,12005.88,
2023-10-09,17.57,17.33,17.7,17.3,16056.07,
2023-10-10,17.33,17.05,17.47,17.05,20658.72,
2023-10-11,17.06,17.09,17.23,17.01,13388.62,
2023-10-12,17.21,17.42,17.42,17.15,18488.42,
2023-10-13,17.3,17.02,17.33,16.87,22086.21,
2023-10-16,17.0,16.65,17.11,16.59,20932.21,
2023-10-17,16.65,16.79,16.79,16.55,11976.75,
2023-10-18,17.38,16.48,17.38,16.29,34894.04,
2023-10-19,16.36,16.36,16.52,16.09,25970.38,
2023-10-20,16.29,16.33,16.52,16.16,25289.62,
2023-10-23,16.1,15.83,16.31,15.74,21008.25,
2023-10-24,15.9,16.13,16.19,15.75,24543.02,
2023-10-25,16.33,16.61,16.67,16.31,28912.25,
2023-10-26,16.61,16.32,16.61,16.13,22643.0,
2023-10-27,16.31,17.21,17.4,16.3,50976.88,
2023-10-30,17.19,17.89,17.91,17.06,50341.85,
2023-10-31,17.75,17.2,17.8,16.98,53286.8,
2023-11-01,17.18,17.72,17.82,17.12,41644.29,
2023-11-02,17.62,17.72,17.81,17.51,32537.58,
2023-11-03,17.72,17.91,18.18,17.67,38950.5,
2023-11-06,18.02,18.1,18.3,18.0,40555.37,
2023-11-07,18.05,17.89,18.05,17.82,28312.0,
2023-11-08,17.89,17.82,18.04,17.72,27474.07,
2023-11-09,17.87,17.74,17.91,17.68,18474.81,
2023-11-10,17.67,17.8,17.94,17.48,25121.89,
2023-11-13,17.82,17.74,17.94,17.58,22544.53,
2023-11-14,17.74,17.87,18.03,17.74,26857.56,
2023-11-15,18.01,17.98,18.18,17.85,23935.0,
2023-11-16,17.92,17.85,18.05,17.8,17722.02,
2023-11-17,17.82,17.76,17.93,17.67,13688.0,
2023-11-20,17.89,17.95,17.98,17.65,18238.0,
2023-11-21,17.95,17.64,18.12,17.62,45500.35,
2023-11-22,17.67,17.4,17.72,17.37,29247.25,
2023-11-23,17.39,17.38,17.47,17.17,32485.18,
2023-11-24,17.4,17.34,17.46,17.27,20865.43,
2023-11-27,17.34,17.03,17.35,16.99,26287.7,
2023-11-28,16.89,17.18,17.2,16.86,21146.66,
2023-11-29,17.26,17.16,17.34,17.12,16849.68,
2023-11-30,17.16,17.25,17.27,17.01,21954.57,
2023-12-01,17.3,17.1,17.39,16.98,23038.0,
2023-12-04,17.09,16.83,17.1,16.76,20810.45,
2023-12-05,16.77,16.62,16.9,16.62,16579.0,
2023-12-06,16.55,16.56,16.72,16.5,16542.0,
2023-12-07,16.56,16.48,16.62,16.42,25286.0,
2023-12-08,16.59,16.34,16.69,16.33,16669.0,
2023-12-11,16.35,16.37,16.48,16.08,37913.0,
2023-12-12,16.33,16.24,16.37,16.08,32188.25,
2023-12-13,16.23,15.97,16.24,15.96,23630.38,
2023-12-14,16.04,15.93,16.17,15.92,25119.13,
2023-12-15,16.07,15.82,16.08,15.79,27503.87,
2023-12-18,15.82,15.29,15.83,15.26,33564.25,
2023-12-19,15.29,15.28,15.38,15.15,20366.0,
2023-12-20,15.28,15.07,15.37,15.05,19280.56,
2023-12-21,14.99,15.1,15.32,14.91,37328.64,
2023-12-22,15.16,15.1,15.23,14.94,22228.0,
2023-12-25,15.03,15.11,15.18,15.03,21419.72,
2023-12-26,15.1,14.83,15.11,14.82,20009.0,
2023-12-27,14.85,14.84,14.97,14.73,22880.87,
2023-12-28,14.85,15.13,15.41,14.71,51438.34,
2023-12-29,15.22,15.46,15.5,15.14,38330.0,
2024-01-02,15.52,15.43,15.57,15.35,24128.0,
2024-01-03,15.36,15.3,15.47,15.17,28061.95,
2024-01-04,15.2,15.19,15.3,15.03,20847.75,
2024-01-05,15.16,14.99,15.34,14.9,20710.0,
2024-01-08,14.99,14.48,14.99,14.46,26658.87,
2024-01-09,14.47,14.47,14.76,14.39,24345.75,
2024-01-10,14.46,14.46,14.61,14.24,18213.0,
2024-01-11,14.47,14.67,14.75,14.29,24030.6,
2024-01-12,14.66,14.72,14.85,14.54,20476.0,
2024-01-15,14.58,14.67,14.71,14.47,15330.57,
2024-01-16,14.72,14.62,14.89,14.41,24902.0,
2024-01-17,14.59,14.3,14.66,14.3,16069.85,
2024-01-18,14.26,14.2,14.29,13.83,26640.0,
2024-01-19,14.27,14.28,14.51,14.17,21620.58,
2024-01-22,14.19,13.4,14.28,13.33,30340.66,
2024-01-23,13.37,13.56,13.69,13.27,26416.91,
2024-01-24,13.56,13.79,13.91,13.27,28197.26,
2024-01-25,13.78,14.14,14.16,13.69,30314.0,
2024-01-26,14.17,13.93,14.33,13.86,26890.0,
2024-01-29,13.94,13.57,14.04,13.57,25857.0,
2024-01-30,13.56,13.09,13.61,13.07,26469.75,
2024-01-31,13.08,12.66,13.23,12.61,31082.18,
2024-02-01,12.66,12.43,12.77,12.28,29710.75,
2024-02-02,12.5,11.9,12.57,11.51,46343.0,
2024-02-05,11.9,11.3,11.9,10.83,52886.0,
2024-02-06,11.4,12.33,12.42,11.05,72676.0,
2024-02-07,12.45,13.25,13.27,12.35,83965.94,
2024-02-08,13.31,13.99,14.26,13.25,81046.46,
2024-02-19,14.0,14.1,14.25,13.76,63962.37,
2024-02-20,14.01,14.05,14.09,13.7,47787.46,
2024-02-21,14.04,14.02,14.42,13.8,64310.97,
2024-02-22,13.94,14.0,14.16,13.79,31049.24,
2024-02-23,13.95,14.27,14.34,13.79,58598.32,
2024-02-26,14.36,14.67,14.9,14.34,64136.53,
2024-02-27,14.7,14.9,14.92,14.54,42686.92,
2024-02-28,14.91,14.25,14.99,14.18,60019.0,
2024-02-29,14.11,14.63,14.64,14.05,45834.54,
2024-03-01,14.66,15.01,15.08,14.64,49531.68,
2024-03-04,14.97,14.66,14.99,14.52,43854.0,
2024-03-05,14.55,14.51,14.6,14.4,25945.0,
2024-03-06,14.49,14.4,14.61,14.24,21714.74,
2024-03-07,14.46,14.35,14.59,14.32,20257.25,
2024-03-08,14.92,14.7,14.92,14.25,37880.26,
2024-03-11,14.75,14.87,14.88,14.61,31619.0,
2024-03-12,14.93,15.52,15.66,14.8,74831.96,
2024-03-13,15.46,16.36,16.67,15.18,105807.98,
2024-03-14,16.36,16.3,16.53,16.04,55020.25,
2024-03-15,16.32,16.27,16.48,16.17,44009.14,
2024-03-18,16.31,16.9,16.93,16.31,67800.79,
2024-03-19,16.87,16.75,17.12,16.69,54169.8,
2024-03-20,16.74,16.76,16.89,16.6,36385.93,
2024-03-21,16.76,17.0,17.11,16.76,35204.19,
2024-03-22,17.0,17.31,17.61,16.72,60771.08,
2024-03-25,17.31,17.0,17.44,17.0,40401.86,
2024-03-26,16.92,16.54,17.11,16.4,52001.09,
2024-03-27,16.54,16.12,16.66,16.12,39134.0,
2024-03-28,16.14,16.09,16.41,15.98,41542.01,
2024-03-29,16.1,16.39,16.44,15.92,42090.0,
2024-04-01,16.56,16.86,16.98,16.55,43034.0,
2024-04-02,16.86,16.95,17.0,16.6,32721.78,
2024-04-03,16.94,16.91,17.09,16.76,27417.6,
2024-04-08,16.81,16.39,16.85,16.39,40755.26,
2024-04-09,16.7,17.1,17.34,16.51,81206.8,
2024-04-10,16.94,16.85,17.07,16.68,36747.18,
2024-04-11,16.76,17.1,17.33,16.67,49911.18,
2024-04-12,16.89,16.72,17.16,16.65,30727.92,
2024-04-15,16.71,16.47,16.93,16.22,38041.81,
2024-04-16,16.65,15.96,16.65,15.9,45735.71,
2024-04-17,16.12,16.66,16.66,16.09,37888.82,
2024-04-18,16.64,16.53,16.73,16.31,25543.65,
2024-04-19,16.48,16.6,16.82,16.38,23047.78,
2024-04-22,16.67,17.16,17.42,16.58,55593.08,
2024-04-23,17.24,17.0,17.36,16.94,36946.36,
2024-04-24,17.01,17.04,17.12,16.64,30634.87,
2024-04-25,16.97,17.26,17.45,16.91,41278.0,
2024-04-26,17.27,17.32,17.37,16.94,39028.0,
2024-04-29,17.58,17.86,18.53,17.35,132689.0,
2024-04-30,18.11,17.43,18.29,17.28,99234.58,
2024-05-06,17.54,18.35,18.42,17.54,115053.0,
2024-05-07,18.36,18.87,19.1,18.21,110110.12,
2024-05-08,18.89,18.37,18.93,18.24,83616.0,
2024-05-09,18.56,19.04,19.25,18.42,88010.52,
2024-05-10,18.99,19.08,19.21,18.82,58983.75,
2024-05-13,19.02,18.87,19.21,18.6,67837.81,
2024-05-14,18.87,18.99,19.13,18.74,61628.84,
2024-05-15,19.01,19.05,19.53,18.99,60720.5,
2024-05-16,18.89,18.83,19.07,18.8,42172.75,
2024-05-17,18.82,19.21,19.21,18.69,53659.17,
2024-05-20,19.23,19.52,19.71,19.23,53708.0,
2024-05-21,19.53,19.35,19.59,19.17,32930.9,
2024-05-22,19.32,18.84,19.36,18.8,43412.0,
2024-05-23,18.8,18.84,18.92,18.62,40550.0,
2024-05-24,18.79,18.59,19.02,18.55,29895.5,
2024-05-27,18.71,18.85,18.92,18.44,42732.5,
2024-05-28,18.8,18.53,18.92,18.47,30727.3,
2024-05-29,18.48,18.52,18.73,18.4,18706.0,
2024-05-30,18.45,18.37,18.6,18.31,23359.0,
2024-05-31,18.38,18.43,18.57,18.34,19424.0,
2024-06-03,18.35,18.27,18.61,18.07,47363.0,
2024-06-04,18.3,18.35,18.4,18.11,21674.0,
2024-06-05,18.48,18.33,18.6,18.2,27957.0,
2024-06-06,18.33,18.11,18.46,17.99,37895.0,
2024-06-07,18.3,18.2,18.36,18.02,28820.86,
2024-06-11,18.12,18.42,18.43,18.01,25881.23,
2024-06-12,18.25,18.05,18.37,18.03,28548.0,
2024-06-13,18.05,18.1,18.17,17.88,25650.0,
2024-06-14,18.02,18.12,18.18,17.82,19734.85,
2024-06-17,18.01,18.21,18.3,17.97,20467.17,
2024-06-18,18.09,18.22,18.24,17.85,28509.26,
2024-06-19,18.28,18.0,18.28,17.99,18115.38,
2024-06-20,17.97,17.75,18.05,17.75,24037.43,
2024-06-21,17.82,17.82,17.92,17.67,15666.01,
2024-06-24,17.76,17.18,17.8,17.05,43509.64,
2024-06-25,17.24,17.44,17.74,17.17,31620.0,
2024-06-26,17.32,17.75,17.8,17.32,31150.0,
2024-06-27,17.68,17.26,17.77,17.17,27963.95,
2024-06-28,17.23,17.17,17.6,17.11,29680.0,
2024-07-01,17.24,17.48,17.57,17.1,24743.04,
2024-07-02,17.48,17.87,18.06,17.28,52762.83,
2024-07-03,17.75,17.9,18.14,17.75,27341.11,
2024-07-04,17.91,17.69,18.0,17.57,28518.75,
2024-07-05,17.43,17.55,17.63,17.34,29299.0,
2024-07-08,17.54,17.1,17.64,16.93,27112.0,
2024-07-09,17.91,17.78,18.05,17.17,110459.63,
2024-07-10,17.58,18.17,18.41,17.58,77862.89,
2024-07-11,18.34,18.45,18.57,18.23,57685.69,
2024-07-12,18.42,18.56,18.64,18.29,43557.33,
2024-07-15,18.59,18.29,18.63,18.16,32242.44,
2024-07-16,18.2,17.82,18.31,17.67,47053.05,
2024-07-17,17.77,17.56,17.85,17.45,33129.8,
2024-07-18,17.55,17.58,17.66,17.23,30176.0,
2024-07-19,17.53,17.24,17.59,17.19,41211.11,
2024-07-22,17.37,17.02,17.37,16.94,44222.8,
2024-07-23,17.15,16.53,17.16,16.51,44788.02,
2024-07-24,16.37,16.27,16.69,16.16,54206.0,
2024-07-25,16.05,15.96,16.25,15.72,40703.8,
2024-07-26,16.05,16.56,16.67,15.99,48856.0,
2024-07-29,16.56,16.29,16.56,16.11,29530.34,
2024-07-30,16.29,16.24,16.37,15.93,22005.53,
2024-07-31,16.22,16.94,16.95,16.08,50477.1,
2024-08-01,16.99,16.74,17.13,16.64,39504.5,
2024-08-02,16.65,16.37,16.71,16.31,28834.01,
2024-08-05,16.38,16.08,16.69,16.08,35945.0,
2024-08-06,16.27,16.32,16.53,16.12,23019.94,
2024-08-07,16.26,16.11,16.33,16.01,31104.0,
2024-08-08,16.21,16.37,16.48,15.96,26275.01,
2024-08-09,16.43,16.17,16.52,16.15,20436.0,
2024-08-12,16.06,16.17,16.29,16.0,20484.75,
2024-08-13,16.12,16.28,16.28,16.01,19498.0,
2024-08-14,16.28,15.97,16.35,15.87,28173.0,
2024-08-15,15.69,15.63,15.98,15.29,66610.29,
2024-08-16,15.69,15.32,15.69,15.07,66646.0,
2024-08-19,15.5,15.36,15.6,15.26,34136.0,
2024-08-20,15.39,15.12,15.42,15.06,27028.49,
2024-08-21,15.08,15.22,15.29,15.07,23399.05,
2024-08-22,15.23,15.08,15.3,15.04,18376.0,
2024-08-23,15.03,15.2,15.3,14.99,16932.0,
2024-08-26,15.09,15.3,15.36,15.09,18836.71,
2024-08-27,15.3,15.17,15.3,15.13,16987.71,
2024-08-28,15.13,15.09,15.26,15.07,18810.0,
2024-08-29,15.04,15.34,15.4,15.04,29539.0,
2024-08-30,15.33,15.41,15.72,15.1,44081.0,
2024-09-02,15.41,15.14,15.45,15.13,30864.0,
2024-09-03,15.12,15.28,15.42,15.12,20132.0,
2024-09-04,15.15,15.13,15.34,15.08,24544.0,
2024-09-05,15.18,15.18,15.28,15.1,16838.0,
2024-09-06,15.18,14.99,15.23,14.97,23261.0,
2024-09-09,14.91,14.81,15.08,14.73,20229.0,
2024-09-10,14.82,14.89,14.94,14.59,19292.0,
2024-09-11,14.74,14.87,14.98,14.71,17234.0,
2024-09-12,14.9,14.82,15.12,14.8,15279.96,
2024-09-13,14.77,14.54,14.86,14.51,24827.6,
2024-09-18,14.54,14.5,14.59,14.31,20668.0,
2024-09-19,14.53,14.83,15.21,14.52,36762.19,
2024-09-20,14.75,14.75,14.81,14.58,19338.99,
2024-09-23,14.75,14.79,15.01,14.66,22765.0,
2024-09-24,14.9,15.36,15.36,14.81,53866.06,
2024-09-25,15.6,15.41,15.91,15.4,47763.08,
2024-09-26,15.34,16.32,16.33,15.34,55677.08,
2024-09-27,16.62,17.32,17.37,16.62,50868.33,
2024-09-30,18.26,19.05,19.05,17.9,140750.18,
2024-10-08,20.95,20.77,20.95,19.28,141662.47,
2024-10-09,20.6,18.86,20.6,18.72,102077.75,
2024-10-10,18.85,19.03,19.72,18.65,72998.45,
2024-10-11,18.94,18.05,19.12,17.81,57139.37,
2024-10-14,18.05,18.08,18.25,17.55,63355.25,
2024-10-15,18.45,17.8,18.45,17.79,77783.05,
2024-10-16,17.5,17.41,17.73,17.3,56158.89,
2024-10-17,17.5,17.18,17.68,17.17,47675.75,
2024-10-18,17.18,17.63,18.01,16.92,82557.32,
2024-10-21,17.65,17.63,17.93,17.54,60225.64,
2024-10-22,17.6,17.75,17.79,17.43,53717.67,
2024-10-23,17.77,18.11,18.23,17.65,65140.2,
2024-10-24,18.16,17.97,18.21,17.84,53694.58,
2024-10-25,17.9,18.14,18.31,17.88,57334.52,
2024-10-28,18.36,19.05,19.61,18.21,122337.66,
2024-10-29,19.04,18.72,19.22,18.56,78356.5,
2024-10-30,18.54,18.28,18.6,18.03,85055.26,
2024-10-31,18.11,18.22,18.43,18.07,61068.55,
2024-11-01,18.16,17.87,18.24,17.79,77613.21,
2024-11-04,17.98,18.14,18.17,17.76,58976.1,
2024-11-05,18.17,18.63,18.65,18.16,75486.95,
2024-11-06,18.72,19.36,19.52,18.66,107289.31,
2024-11-07,18.97,19.69,19.74,18.95,72166.42,
2024-11-08,19.78,20.31,20.68,19.54,113222.76,
2024-11-11,20.2,20.25,20.27,19.75,86708.93,
2024-11-12,20.25,20.31,20.77,20.05,71181.76,
2024-11-13,20.2,20.28,20.58,19.99,42687.0,
2024-11-14,20.28,19.71,20.4,19.68,41661.81,
2024-11-15,19.67,19.26,19.82,19.22,45659.0,
2024-11-18,19.38,18.85,19.51,18.74,55338.15,
2024-11-19,18.84,19.34,19.41,18.84,42516.66,
2024-11-20,19.39,19.7,19.94,19.39,51039.0,
2024-11-21,19.58,19.7,20.1,19.56,45153.8,
2024-11-22,19.62,18.96,19.81,18.9,50605.21,
2024-11-25,18.85,19.19,19.33,18.79,31578.71,
2024-11-26,19.2,18.96,19.24,18.88,17560.0,
2024-11-27,18.9,19.44,19.46,18.66,36219.72,
2024-11-28,19.5,18.98,19.58,18.94,39039.0,
2024-11-29,18.9,18.98,19.31,18.87,33976.0,
2024-12-02,18.85,18.96,19.07,18.7,36003.12,
2024-12-03,18.99,19.0,19.36,18.8,40683.0,
2024-12-04,18.86,18.66,18.92,18.53,37434.14,
2024-12-05,18.53,18.81,19.02,18.49,26245.63,
2024-12-06,18.78,18.94,18.98,18.63,21952.0,
2024-12-09,18.88,18.73,18.99,18.65,28550.4,
2024-12-10,19.1,18.74,19.24,18.74,45909.73,
2024-12-11,18.7,18.94,19.13,18.66,32321.4,
2024-12-12,18.95,19.33,19.47,18.76,45637.08,
2024-12-13,19.29,18.88,19.29,18.86,31006.32,
2024-12-16,18.79,18.48,19.05,18.39,40173.57,
2024-12-17,18.49,18.66,18.89,18.39,34874.88,
2024-12-18,18.64,18.49,18.8,18.47,21737.11,
2024-12-19,18.45,18.22,18.5,18.08,33719.0,
2024-12-20,18.21,18.27,18.35,18.0,29032.0,
2024-12-23,18.27,17.92,18.44,17.83,35342.72,
2024-12-24,17.92,18.13,18.21,17.86,31890.97,
2024-12-25,18.51,19.48,19.68,18.3,155317.38,
2024-12-26,19.47,20.32,20.6,19.15,192386.93,
2024-12-27,20.37,20.23,20.66,19.98,126295.54,
2024-12-30,20.17,20.4,20.88,20.17,116089.91,
2024-12-31,20.51,20.14,20.59,20.05,79477.1,
2025-01-02,20.15,20.6,21.13,20.14,153028.44,
2025-01-03,20.6,20.01,21.05,19.83,123992.39,
2025-01-06,19.87,19.35,20.16,19.17,88552.03,
2025-01-07,19.47,19.66,19.76,19.19,63550.03,
2025-01-08,19.53,18.65,19.57,18.3,110312.6,
2025-01-09,18.53,18.97,19.3,18.38,74989.14,
2025-01-10,18.99,18.78,19.36,18.76,51729.0,
2025-01-13,18.78,19.81,19.94,18.61,118161.84,
2025-01-14,19.78,20.48,20.67,19.46,113942.96,
2025-01-15,20.5,20.66,20.86,20.12,85988.91,
2025-01-16,20.6,20.84,21.35,20.52,93467.17,
2025-01-17,20.86,20.85,21.24,20.63,69070.39,
2025-01-20,20.99,21.02,21.46,20.88,67206.0,
2025-01-21,21.09,21.07,21.19,20.68,53718.71,
2025-01-22,20.99,21.27,21.56,20.78,67297.31,
2025-01-23,21.47,21.16,21.52,20.98,55170.02,
2025-01-24,20.58,20.85,21.13,20.45,78001.0,
2025-01-27,20.85,21.24,21.44,20.85,65617.0,
2025-02-05,21.24,20.66,21.31,20.56,54377.97,
2025-02-06,20.67,20.58,20.79,20.26,61531.67,
2025-02-07,20.46,20.53,20.68,20.23,67614.19,
2025-02-10,20.53,20.48,20.81,20.24,61582.85,
2025-02-11,20.61,20.99,21.14,20.36,72077.0,
2025-02-12,20.98,21.32,21.32,20.68,59862.3,
2025-02-13,21.29,20.76,21.51,20.7,68794.0,
2025-02-14,20.6,20.7,20.99,20.6,30654.0,
2025-02-17,20.71,20.65,20.86,20.44,44922.37,
2025-02-18,20.52,20.42,20.83,20.36,43399.0,
2025-02-19,20.32,20.41,20.54,20.24,49761.0,
2025-02-20,20.44,20.22,20.66,20.2,57591.0,
2025-02-21,20.21,19.9,20.38,19.87,68167.51,
2025-02-24,19.85,19.95,20.3,19.74,45962.47,
2025-02-25,19.83,19.78,19.94,19.59,34568.44,
2025-02-26,19.78,20.14,20.17,19.73,52006.56,
2025-02-27,20.21,20.78,20.78,20.0,75065.33,
2025-02-28,20.9,21.82,22.36,20.69,157116.28,
2025-03-03,22.03,21.74,22.12,21.49,91849.0,
2025-03-04,21.54,21.83,21.94,21.19,59005.0,
2025-03-05,21.86,22.06,22.31,21.64,79611.0,
2025-03-06,22.02,22.01,22.17,21.73,58607.39,
2025-03-07,21.95,22.38,22.58,21.87,66432.0,
2025-03-10,22.54,22.23,22.6,22.04,59720.39,
2025-03-11,22.19,22.32,22.36,21.98,34518.0,
2025-03-12,22.25,22.11,22.34,22.04,35217.37,
2025-03-13,22.11,21.94,22.28,21.69,46947.31,
2025-03-14,21.92,22.4,22.4,21.86,56701.13,
2025-03-17,22.63,22.17,22.74,22.09,33812.0,
2025-03-18,22.18,21.97,22.28,21.92,26668.23,
2025-03-19,21.92,22.07,22.3,21.76,28723.0,
2025-03-20,22.0,21.84,22.15,21.76,22664.0,
2025-03-21,21.77,21.72,21.9,21.48,39999.0,
2025-03-24,21.72,21.91,21.99,21.56,28175.25,
2025-03-25,21.91,21.92,22.26,21.55,31863.0,
2025-03-26,21.91,21.99,22.05,21.66,31798.0,
2025-03-27,21.96,22.16,22.44,21.9,42470.0,
2025-03-28,22.04,22.0,22.24,21.8,28862.0,
2025-03-31,21.96,21.55,22.08,21.46,34003.42,
2025-04-01,21.74,21.64,21.87,21.36,22411.0,
2025-04-02,21.75,21.75,21.88,21.59,15042.01,
2025-04-03,21.55,21.6,21.79,21.39,21962.0,
2025-04-07,20.52,19.44,20.99,19.44,69392.88,
2025-04-08,19.3,19.51,19.8,19.05,67359.0,
2025-04-09,19.82,19.84,20.14,19.21,60639.3,
2025-04-10,20.03,20.51,20.94,20.03,50406.73,
2025-04-11,20.51,20.67,20.93,20.47,25253.0,
2025-04-14,20.76,20.54,20.89,20.48,23919.76,
2025-04-15,20.6,20.68,20.93,20.51,22916.0,
2025-04-16,20.61,20.43,20.8,20.27,27485.0,
2025-04-17,20.31,20.58,20.65,20.29,19079.67,
2025-04-18,20.94,20.49,21.05,20.44,23594.0,
2025-04-21,20.36,21.87,22.12,20.34,83831.05,
2025-04-22,21.22,21.89,22.07,21.22,78312.08,
2025-04-23,21.86,21.44,21.95,21.43,45932.0,
2025-04-24,21.46,21.81,21.93,21.46,39108.0,
2025-04-25,21.79,21.5,21.87,21.43,28724.0,
2025-04-28,21.41,21.48,21.54,20.84,41219.0,
2025-04-29,20.85,20.55,20.99,20.22,49892.0,
2025-04-30,20.54,20.57,20.6,20.16,35884.0,
2025-05-06,20.65,20.63,20.77,20.41,30344.0,
2025-05-07,20.9,20.71,21.02,20.55,31207.0,
2025-05-08,20.6,20.55,20.75,20.54,28271.71,
2025-05-09,20.56,20.22,20.56,20.1,30546.0,
2025-05-12,20.43,20.36,20.47,20.18,23586.83,
2025-05-13,20.5,20.57,21.02,20.39,37448.36,
2025-05-14,20.58,20.65,20.78,20.48,25903.0,
2025-05-15,20.66,20.52,20.69,20.46,17668.0,
2025-05-16,20.6,20.61,20.67,20.28,17405.94,
2025-05-19,20.61,20.4,20.73,20.33,15944.0,
2025-05-20,20.4,20.9,20.92,20.32,27105.17,
2025-05-21,20.92,20.79,20.96,20.74,11252.94,
2025-05-22,20.79,20.37,20.86,20.34,16717.0,
2025-05-23,20.5,20.15,20.53,20.13,17578.0,
2025-05-26,20.24,19.86,20.24,19.78,24891.0,
2025-05-27,20.65,19.89,20.65,19.79,22360.54,
2025-05-28,19.92,19.68,19.97,19.58,17478.0,
2025-05-29,19.69,19.85,19.93,19.57,16838.69,
2025-05-30,19.87,19.93,19.99,19.75,11934.0,
2025-06-03,19.97,19.64,19.97,19.56,20441.0,
2025-06-04,19.65,19.92,19.96,19.59,14363.03,
2025-06-05,19.97,20.03,20.05,19.86,10181.0,
2025-06-06,20.03,19.94,20.07,19.83,12475.05,
2025-06-09,19.98,19.94,20.03,19.9,13528.08,
2025-06-10,19.97,19.65,20.02,19.53,19174.0,
2025-06-11,19.71,20.12,20.16,19.66,25465.71,
2025-06-12,19.98,20.37,20.46,19.93,22261.0,
2025-06-13,20.38,19.96,20.38,19.71,32099.21,
2025-06-16,19.77,19.88,19.91,19.59,25753.0,
2025-06-17,19.76,19.72,19.91,19.69,13055.11,
2025-06-18,19.69,19.74,19.92,19.53,14915.0,
2025-06-19,19.72,19.5,19.8,19.31,18050.0,
2025-06-20,19.5,19.3,19.61,19.24,15411.79,
2025-06-23,19.3,19.34,19.51,19.07,16464.0,
2025-06-24,19.33,19.74,19.85,19.33,25383.73,
2025-06-25,19.74,19.93,20.01,19.71,17638.0,
2025-06-26,19.93,19.72,20.02,19.7,14689.98,
2025-06-27,19.72,19.71,19.89,19.53,12288.49,
2025-06-30,19.71,20.25,20.31,19.53,34661.03,
2025-07-01,20.28,20.1,20.29,19.93,16157.0,
2025-07-02,20.24,20.1,20.28,20.0,19924.0,
2025-07-03,20.07,20.07,20.15,19.85,21578.45,
2025-07-04,20.14,20.5,20.76,20.05,46626.12,
2025-07-07,20.54,20.31,20.76,20.07,30072.0,
2025-07-08,20.32,20.4,20.5,20.24,14900.0,
2025-07-09,20.4,20.55,20.56,20.09,28683.53,
2025-07-10,20.67,20.42,20.67,20.38,16014.0,
2025-07-11,20.42,20.27,20.5,20.22,22495.0,
2025-07-14,20.39,20.27,20.45,20.0,19389.85,
2025-07-15,20.28,20.54,20.64,20.16,25387.72,
2025-07-16,20.5,20.42,20.63,20.35,14961.75,
2025-07-17,20.39,20.33,20.48,20.27,16832.0,
2025-07-18,20.34,20.53,20.55,20.27,16766.0,
2025-07-21,20.44,21.0,21.03,20.44,33429.0,
2025-07-22,21.0,21.29,21.32,20.91,31801.0,
2025-07-23,21.33,21.18,21.5,21.15,25881.0,
2025-07-24,21.2,21.39,21.57,21.06,32148.75,
2025-07-25,21.4,21.79,22.0,21.3,44792.98,
2025-07-28,21.8,21.23,21.99,21.23,30935.0,
2025-07-29,21.55,21.27,21.55,21.11,20489.0,
2025-07-30,21.27,21.47,21.59,21.11,23322.66,
2025-07-31,21.42,21.28,21.57,21.18,23687.75,
2025-08-01,21.45,21.51,21.65,21.3,17516.11,
2025-08-04,21.71,22.0,22.5,21.68,40873.83,
2025-08-05,22.15,22.32,22.34,21.82,31446.99,
2025-08-06,22.35,23.65,23.77,22.2,89581.64,
2025-08-07,23.83,23.82,24.25,23.23,91869.48,
2025-08-08,23.86,24.14,24.17,23.55,59159.0,
2025-08-11,24.16,25.25,25.45,24.15,108196.04,
2025-08-12,25.1,25.35,25.77,25.1,90056.72,
2025-08-13,25.34,25.34,25.69,25.2,60443.0,
2025-08-14,25.47,24.93,25.48,24.83,50632.0,
2025-08-15,24.55,25.28,25.55,24.5,66935.44,
2025-08-18,25.29,25.64,25.92,25.15,61453.0,
2025-08-19,25.69,26.34,26.6,25.3,62645.75,
2025-08-20,26.01,26.06,26.1,25.0,69247.87,
2025-08-21,26.0,25.6,26.6,25.53,47854.28,
2025-08-22,25.51,25.89,25.97,25.32,45714.75,
2025-08-25,26.0,26.33,26.95,25.65,70021.33,
2025-08-26,26.35,25.41,26.35,25.35,63431.02,
2025-08-27,25.5,24.68,25.8,24.52,74074.0,185359.669
2025-08-28,24.57,24.59,24.85,23.7,61812.0,150069.943
2025-08-29,24.65,25.04,25.5,24.65,64302.84,161947.733
2025-09-01,25.06,24.84,25.45,24.62,53380.1,133427.803
2025-09-02,24.76,24.8,25.08,24.26,72480.79,178877.1
2025-09-03,25.3,24.76,25.3,24.26,37451.05,92517.993
2025-09-04,24.9,24.71,25.09,24.35,46560.39,115624.601
2025-09-05,24.85,24.89,24.95,24.55,35860.33,88684.257
2025-09-08,24.81,24.7,24.95,24.47,32986.06,81459.809
2025-09-09,24.71,24.28,24.78,24.01,37274.0,90671.354
2025-09-10,24.35,24.05,24.35,23.95,20936.32,50418.299
2025-09-11,24.0,24.39,24.48,23.94,29043.55,70331.943
2025-09-12,24.42,23.98,24.48,23.84,25587.19,61432.226
2025-09-15,23.97,23.45,23.98,23.4,33477.0,79364.326
2025-09-16,23.62,23.29,23.62,23.11,28380.59,66104.981
2025-09-17,23.32,23.61,24.09,23.29,44559.24,105816.227
2025-09-18,23.6,22.87,23.98,22.87,45246.66,105553.853
2025-09-19,23.03,23.69,23.86,22.99,42548.53,100086.667
2025-09-22,23.58,23.55,23.65,23.11,34551.48,80698.164
2025-09-23,23.69,24.46,24.55,23.11,71007.31,170134.275
2025-09-24,24.54,24.1,24.57,23.82,47330.59,114020.487
2025-09-25,23.9,23.86,24.13,23.62,33579.83,80154.857
2025-09-26,23.62,23.55,23.95,23.44,26640.12,62899.78
2025-09-29,23.55,23.87,24.17,23.12,43231.61,102768.283
2025-09-30,23.6,23.65,23.9,23.49,24980.0,59205.241
2025-10-09,23.67,23.01,23.85,22.9,41050.68,94895.344
2025-10-10,23.13,23.26,23.58,22.9,25385.47,58997.323
2025-10-13,22.86,23.0,23.08,22.5,23136.0,52905.75
2025-10-14,23.09,22.52,23.1,22.33,33672.96,76305.352
2025-10-15,22.53,22.46,22.76,22.35,26576.43,59811.597
2025-10-16,22.47,22.18,22.51,22.06,20084.71,44690.462
2025-10-17,22.18,21.88,22.3,21.72,20798.0,45591.604
2025-10-20,21.88,21.77,22.11,21.55,22725.23,49667.816
2025-10-21,21.77,22.21,22.33,21.74,21845.0,48223.873
2025-10-22,22.15,22.34,22.6,22.05,19700.75,44104.116
2025-10-23,22.36,22.27,22.36,21.91,12522.71,27680.178
2025-10-24,22.19,22.33,22.52,22.19,14406.71,32169.685
2025-10-27,22.34,22.45,22.51,22.21,17338.0,38762.001
2025-10-28,22.45,22.25,22.53,22.12,15017.96,33499.355
2025-10-29,22.23,22.9,22.94,22.01,34886.0,78837.555
